placeholder,rhocov,rhomev,Env,Pv,Ncov,Nmev,rhocov_s,rhomev_s,Env_s,Pv_s,Ncov_s,Nmev_s,time
1,0.0001699307958477509,0.0002535553633217993,-439.66483727179525,19.777259106668165,6.678960000000001,9.96574,2.8279906040083e-05,2.874660634690729e-05,98.6843127923409,1.6903487287936607,1.1115134269994222,1.1298566158588441,97.61236953735352
