placeholder,rhocov,rhomev,Env,Pv,Ncov,Nmev,rhocov_s,rhomev_s,Env_s,Pv_s,Ncov_s,Nmev_s,time
1,0.0031241336759617344,0.001950750050885406,-66528.37507951727,201.2364545979994,122.79095,76.67228,0.0003646667752770328,0.00016839828914239202,11974.76003486069,31.07780805181651,14.332862935488498,6.618726356452576,958.2825744152069
