placeholder,rhocov,rhomev,Env,Pv,Ncov,Nmev,rhocov_s,rhomev_s,Env_s,Pv_s,Ncov_s,Nmev_s,time
1,0.0005713398127417057,0.00236145201506208,-19729.298520420052,84.69242350195542,22.455939999999995,92.81450999999998,0.00011630257519989734,0.00024532081821218327,4516.29201377188,12.021823829469144,4.571156415656765,9.64208943901165,549.9298641681671
