placeholder,rhocov,rhomev,Env,Pv,Ncov,Nmev,rhocov_s,rhomev_s,Env_s,Pv_s,Ncov_s,Nmev_s,time
1,0.0009261217687767149,0.003652939141054346,-45836.68314764665,147.63832327209292,36.400290000000005,143.57512000000003,0.00015699189321733697,0.00024175940874625722,5685.130476313771,23.09089656887264,6.170409371014212,9.502111801362894,841.7747023105621
