placeholder,rhocov,rhomev,Env,Pv,Ncov,Nmev,rhocov_s,rhomev_s,Env_s,Pv_s,Ncov_s,Nmev_s,time
1,0.00010213660000000001,0.00010026370000000001,-10054.45303314214,8.49121582404825,102.1366,100.2637,5.988999535815639e-06,9.637907221487458e-06,1774.8918192878525,0.4956728460467832,5.988999535815643,9.637907221487454,58.03263545036316
