placeholder,rhocov,rhomev,Env,Pv,Ncov,Nmev,rhocov_s,rhomev_s,Env_s,Pv_s,Ncov_s,Nmev_s,time
1,0.0015061153399999999,0.00147494448,-603076.8278969532,96.53247921228653,1506.1153399999998,1474.9444799999997,2.4797616316178465e-05,2.9030408365877292e-05,16342.86413859441,4.636691450093356,24.79761631617844,29.03040836587732,14607.77613067627
