placeholder,rhocov,rhomev,Env,Pv,Ncov,Nmev,rhocov_s,rhomev_s,Env_s,Pv_s,Ncov_s,Nmev_s,time
1,0.0007233922,0.00081953,-154672.4510739307,58.07792989853812,723.3922,819.53,3.713142988305193e-05,5.5681067374826785e-05,17167.517954015548,3.272956682858638,37.13142988305191,55.68106737482679,72.1675033569336
