placeholder,rhocov,rhomev,Env,Pv,Ncov,Nmev,rhocov_s,rhomev_s,Env_s,Pv_s,Ncov_s,Nmev_s,time
1,0.00010895439999999999,0.00010981600000000001,-3176.874309239814,9.376740844752193,108.95440000000002,109.816,5.789572060178547e-06,6.147546827800501e-06,625.8798003440029,0.3613303569115018,5.789572060178541,6.147546827800501,14.447196006774902
