placeholder,rhocov,rhomev,Env,Pv,Ncov,Nmev,rhocov_s,rhomev_s,Env_s,Pv_s,Ncov_s,Nmev_s,time
1,0.00011541018000000001,0.00011287516,-3632.2371617476883,9.853027902619736,115.41018,112.87516000000001,1.1932044525880716e-05,1.0620941510732465e-05,820.3876015888468,0.674817720239646,11.932044525880718,10.620941510732465,185.1001682281494
