placeholder,rhocov,rhomev,Env,Pv,Ncov,Nmev,rhocov_s,rhomev_s,Env_s,Pv_s,Ncov_s,Nmev_s,time
1,0.0007258007999999999,0.00075294,-135676.3528403349,59.490323712447534,725.8008000000002,752.94,3.922000509127963e-05,5.185101075196124e-05,17655.866843943277,3.7674056574297126,39.220005091279624,51.85101075196125,69.97685933113098
