placeholder,rhocov,rhomev,Env,Pv,Ncov,Nmev,rhocov_s,rhomev_s,Env_s,Pv_s,Ncov_s,Nmev_s,time
1,0.00140214882,0.00145347538,-552787.0261662084,95.2724867799409,1402.14882,1453.47538,5.6614123527681665e-05,1.9214051673595544e-05,30943.630188743806,3.477365544389916,56.61412352768169,19.214051673595556,14530.334602117538
