placeholder,rhocov,rhomev,Env,Pv,Ncov,Nmev,rhocov_s,rhomev_s,Env_s,Pv_s,Ncov_s,Nmev_s,time
1,0.00011708500000000002,0.00011828800000000002,-3883.275330413627,9.929850152684217,117.08499999999998,118.28800000000001,9.443562939907796e-06,6.2032085246265945e-06,629.9363003856841,0.5152665233675319,9.443562939907798,6.20320852462659,16.43782353401184
