placeholder,rhocov,rhomev,Env,Pv,Ncov,Nmev,rhocov_s,rhomev_s,Env_s,Pv_s,Ncov_s,Nmev_s,time
1,0.0001089172,9.40199e-05,-10569.319640310905,8.608264388547116,108.91720000000001,94.0199,7.31208336659259e-06,5.487588914086038e-06,963.3815455815152,0.5881863812808823,7.312083366592588,5.487588914086041,61.408174991607666
