placeholder,rhocov,rhomev,Env,Pv,Ncov,Nmev,rhocov_s,rhomev_s,Env_s,Pv_s,Ncov_s,Nmev_s,time
1,0.00011577718000000001,0.00011731124,-3723.3027668039445,10.014262921989895,115.77717999999999,117.31124000000001,1.0148056574911277e-05,9.398093916449228e-06,853.476593691629,0.6672426537635706,10.148056574911276,9.398093916449229,186.53152108192444
