placeholder,rhocov,rhomev,Env,Pv,Ncov,Nmev,rhocov_s,rhomev_s,Env_s,Pv_s,Ncov_s,Nmev_s,time
1,0.0001514936,0.0001384923,-25001.662464348097,11.50649678704799,151.4936,138.4923,1.3071651373870102e-05,5.094740897239035e-06,3090.570378110903,0.9529443622176644,13.071651373870097,5.094740897239031,88.20824718475342
