placeholder,rhocov,rhomev,Env,Pv,Ncov,Nmev,rhocov_s,rhomev_s,Env_s,Pv_s,Ncov_s,Nmev_s,time
1,0.0005531412,0.0006153218,-344735.771767449,45.663295965041506,553.1412,615.3218,3.5989665496639476e-05,1.9250297212251006e-05,37616.86779826035,3.2089537644690993,35.98966549663945,19.250297212251038,52.67334294319153
