placeholder,rhocov,rhomev,Env,Pv,Ncov,Nmev,rhocov_s,rhomev_s,Env_s,Pv_s,Ncov_s,Nmev_s,time
1,0.00013864074,0.00012942254,-21696.184927581424,10.642564719614692,138.64074,129.42254,9.717249016691914e-06,1.3103283044657163e-05,2969.8406433244113,1.0549970362472347,9.717249016691916,13.103283044657168,201.7587375640869
