placeholder,rhocov,rhomev,Env,Pv,Ncov,Nmev,rhocov_s,rhomev_s,Env_s,Pv_s,Ncov_s,Nmev_s,time
1,0.0017735783500000002,0.00083790511,-1952386.120353734,143.56803148886118,1773.57835,837.9051100000001,1.308015343593106e-05,1.0575929936317671e-05,14581.558954344531,7.387763956368693,13.080153435931104,10.575929936317657,11796.295731306076
