placeholder,rhocov,rhomev,Env,Pv,Ncov,Nmev,rhocov_s,rhomev_s,Env_s,Pv_s,Ncov_s,Nmev_s,time
1,0.00013773359999999998,0.0001335086,-23016.108258546203,10.417306805361568,137.7336,133.5086,9.095360962600657e-06,5.795010616038597e-06,1837.1828400135755,0.891349521195493,9.09536096260066,5.795010616038594,16.775742530822754
