placeholder,rhocov,rhomev,Env,Pv,Ncov,Nmev,rhocov_s,rhomev_s,Env_s,Pv_s,Ncov_s,Nmev_s,time
1,0.00014109080000000002,0.0001359163,-22842.637339836085,10.867342697173038,141.0908,135.9163,7.056792738914758e-06,1.0202507643221833e-05,2715.950397611737,0.6866481760120949,7.056792738914757,10.202507643221841,85.73746180534363
