placeholder,rhocov,rhomev,Env,Pv,Ncov,Nmev,rhocov_s,rhomev_s,Env_s,Pv_s,Ncov_s,Nmev_s,time
1,0.00013625140000000002,0.00012853540000000002,-21182.217139286142,10.509070699474044,136.2514,128.53539999999998,1.0610806757264028e-05,7.732843774446756e-06,2797.533597390165,1.0272490634427103,10.61080675726403,7.732843774446758,17.12240481376648
