placeholder,rhocov,rhomev,Env,Pv,Ncov,Nmev,rhocov_s,rhomev_s,Env_s,Pv_s,Ncov_s,Nmev_s,time
1,0.00057138,0.0006030574,-342525.78767387144,50.441977933396345,571.3799999999999,603.0574,3.0773181895930086e-05,2.3716474932839378e-05,32447.22214751236,2.1478641784028714,30.773181895930104,23.716474932839404,53.87198543548584
