placeholder,rhocov,rhomev,Env,Pv,Ncov,Nmev,rhocov_s,rhomev_s,Env_s,Pv_s,Ncov_s,Nmev_s,time
1,0.00014877932,0.00012960098,-23763.142173463944,10.882493141275466,148.77932,129.60098,1.3361304634563197e-05,1.191579261482844e-05,3400.8528481418225,1.11014052051121,13.361304634563197,11.91579261482844,205.78972578048706
