placeholder,rhocov,rhomev,Env,Pv,Ncov,Nmev,rhocov_s,rhomev_s,Env_s,Pv_s,Ncov_s,Nmev_s,time
1,0.0017293511199999998,0.0008607407599999998,-1923730.5924258628,147.81899940031656,1729.3511200000003,860.74076,2.0967242383909324e-05,1.0839381680815558e-05,25387.4943997173,9.395318919044813,20.967242383909237,10.839381680815562,11780.396694898605
