placeholder,rhocov,rhomev,Env,Pv,Ncov,Nmev,rhocov_s,rhomev_s,Env_s,Pv_s,Ncov_s,Nmev_s,time
1,0.0005816564,0.0006072785999999999,-346475.60327364964,50.28818008026724,581.6564,607.2786000000001,2.9648844008493806e-05,4.1679598463037026e-05,37246.76271514604,4.106262417603654,29.648844008493832,41.679598463037046,53.600125789642334
