placeholder,rhocov,rhomev,Env,Pv,Ncov,Nmev,rhocov_s,rhomev_s,Env_s,Pv_s,Ncov_s,Nmev_s,time
1,0.00173783929,0.0008393373599999998,-1911750.5948876238,138.16601861776698,1737.8392899999997,839.33736,1.2617369078611457e-05,7.314414712770914e-06,13079.161371325146,9.390821135326174,12.617369078611436,7.3144147127709385,11472.575650453568
