placeholder,rhocov,rhomev,Env,Pv,Ncov,Nmev,rhocov_s,rhomev_s,Env_s,Pv_s,Ncov_s,Nmev_s,time
1,0.00014436625999999996,0.00012775914000000003,-22408.825502432424,10.816651806757756,144.36625999999998,127.75913999999999,9.697618873331737e-06,9.584373712475948e-06,3010.16894003058,1.1227802251409014,9.697618873331741,9.584373712475948,204.98099732398987
