placeholder,rhocov,rhomev,Env,Pv,Ncov,Nmev,rhocov_s,rhomev_s,Env_s,Pv_s,Ncov_s,Nmev_s,time
1,0.00013251660000000002,0.0001322724,-20593.47587883786,10.580052154896281,132.51659999999998,132.2724,1.5252976543612725e-05,7.001546332061226e-06,3179.251441906104,0.8516014066359586,15.252976543612723,7.001546332061223,84.55039501190186
