placeholder,rhocov,rhomev,Env,Pv,Ncov,Nmev,rhocov_s,rhomev_s,Env_s,Pv_s,Ncov_s,Nmev_s,time
1,0.0001338808,0.00011855599999999997,-18460.06264273262,9.72114023477728,133.88080000000002,118.556,8.469314456318176e-06,9.041763987187455e-06,2141.5983662873377,0.719550481207969,8.469314456318171,9.041763987187457,15.846114873886108
