placeholder,rhocov,rhomev,Env,Pv,Ncov,Nmev,rhocov_s,rhomev_s,Env_s,Pv_s,Ncov_s,Nmev_s,time
1,0.0001298466,0.0001323742,-20483.858742157503,10.446603261897671,129.84659999999997,132.37420000000003,1.1770444785138754e-05,6.85428423396637e-06,2705.711953569863,1.120516316378412,11.77044478513875,6.854284233966372,16.615248441696167
