placeholder,rhocov,rhomev,Env,Pv,Ncov,Nmev,rhocov_s,rhomev_s,Env_s,Pv_s,Ncov_s,Nmev_s,time
1,0.00014230756,0.00013150688,-22890.493156935183,10.926726620910326,142.30756,131.50688,1.3219126629486532e-05,1.3062849163394636e-05,3690.057279941462,1.1161706879282385,13.219126629486533,13.062849163394638,205.69553065299988
