placeholder,rhocov,rhomev,Env,Pv,Ncov,Nmev,rhocov_s,rhomev_s,Env_s,Pv_s,Ncov_s,Nmev_s,time
1,0.0006026682000000001,0.0006145526,-363520.90510942973,52.55323291959008,602.6682,614.5526,2.7642931008849262e-05,3.602285040415325e-05,36846.23927011902,3.516452357526588,27.642931008849267,36.022850404153196,56.686667680740356
