placeholder,rhocov,rhomev,Env,Pv,Ncov,Nmev,rhocov_s,rhomev_s,Env_s,Pv_s,Ncov_s,Nmev_s,time
1,0.0016969613900000003,0.0008579483200000001,-1859386.4652726087,139.526644579165,1696.96139,857.94832,1.5212931050192073e-05,9.87887316638898e-06,27431.354521128043,12.430395033197348,15.212931050192134,9.878873166388967,11666.320982217789
