placeholder,rhocov,rhomev,Env,Pv,Ncov,Nmev,rhocov_s,rhomev_s,Env_s,Pv_s,Ncov_s,Nmev_s,time
1,0.00012651640000000002,0.000127872,-19028.570242379767,10.45574548338201,126.5164,127.872,6.83982410884958e-06,6.331992735308532e-06,2062.826538739746,0.5901863449317948,6.839824108849586,6.331992735308529,86.44850373268127
