placeholder,rhocov,rhomev,Env,Pv,Ncov,Nmev,rhocov_s,rhomev_s,Env_s,Pv_s,Ncov_s,Nmev_s,time
1,0.0001448306,0.00013360574,-23633.321463259002,10.95060160322569,144.83060000000003,133.60574,1.1807553109768338e-05,1.3166157041916218e-05,3221.4783777901835,0.9649702443922057,11.807553109768339,13.166157041916218,187.35869312286377
