placeholder,rhocov,rhomev,Env,Pv,Ncov,Nmev,rhocov_s,rhomev_s,Env_s,Pv_s,Ncov_s,Nmev_s,time
1,0.0001458011,0.0001282516,-21901.880947737296,11.0284128878776,145.80110000000002,128.2516,1.64061055125828e-05,8.511439857039467e-06,4076.810322356777,0.7350894134119114,16.406105512582805,8.511439857039466,85.5066294670105
