placeholder,rhocov,rhomev,Env,Pv,Ncov,Nmev,rhocov_s,rhomev_s,Env_s,Pv_s,Ncov_s,Nmev_s,time
1,0.00014908079999999998,0.00012128780000000001,-22048.648940309024,10.30487727924064,149.0808,121.28779999999999,1.2006118413542323e-05,6.598380192138063e-06,2781.308963684595,0.7708089362067903,12.006118413542321,6.598380192138067,17.356043100357056
