placeholder,rhocov,rhomev,Env,Pv,Ncov,Nmev,rhocov_s,rhomev_s,Env_s,Pv_s,Ncov_s,Nmev_s,time
1,0.0016864703099999997,0.0008482651799999999,-1839097.5066857866,126.16038335175392,1686.47031,848.2651800000001,1.5465844824447787e-05,6.263334052052463e-06,12546.474683072207,7.42692828670689,15.465844824447835,6.263334052052473,11585.132506847382
