placeholder,rhocov,rhomev,Env,Pv,Ncov,Nmev,rhocov_s,rhomev_s,Env_s,Pv_s,Ncov_s,Nmev_s,time
1,0.000603913,0.0006028778000000001,-363452.2082078244,48.554916338725974,603.913,602.8778,3.081314545774252e-05,2.594786899072831e-05,38726.25520968318,2.6599611514494588,30.813145457742543,25.947868990728306,58.07070755958557
