placeholder,rhocov,rhomev,Env,Pv,Ncov,Nmev,rhocov_s,rhomev_s,Env_s,Pv_s,Ncov_s,Nmev_s,time
1,0.0006358695999999999,0.0006073682,-393238.42517011345,49.57993223109568,635.8696,607.3682000000001,2.615596352344912e-05,3.659210667288779e-05,40058.35428954084,3.582141726510942,26.155963523449106,36.5921066728878,59.21611166000366
