placeholder,rhocov,rhomev,Env,Pv,Ncov,Nmev,rhocov_s,rhomev_s,Env_s,Pv_s,Ncov_s,Nmev_s,time
1,0.0001388745,0.0001277991,-21575.857285246362,10.608218094280144,138.87449999999998,127.7991,7.796611998169459e-06,7.0634446900927816e-06,1951.9901152837103,0.6711558505911457,7.796611998169455,7.0634446900927905,85.78799390792847
