placeholder,rhocov,rhomev,Env,Pv,Ncov,Nmev,rhocov_s,rhomev_s,Env_s,Pv_s,Ncov_s,Nmev_s,time
1,0.00014453539999999997,0.00012877042,-22777.98165023776,10.77879709896426,144.5354,128.77042,1.2295304048294209e-05,1.0459287166131351e-05,3431.6993692765045,1.0738527701214762,12.29530404829421,10.459287166131352,183.7964084148407
