placeholder,rhocov,rhomev,Env,Pv,Ncov,Nmev,rhocov_s,rhomev_s,Env_s,Pv_s,Ncov_s,Nmev_s,time
1,0.0017406144299999995,0.00083663078,-1907616.7723429035,143.46068924058383,1740.6144300000003,836.6307800000001,1.0609212864539007e-05,8.945752375937984e-06,14983.936761994188,9.904431383761102,10.609212864539007,8.945752375937978,11573.585082292557
