placeholder,rhocov,rhomev,Env,Pv,Ncov,Nmev,rhocov_s,rhomev_s,Env_s,Pv_s,Ncov_s,Nmev_s,time
1,0.00014848219999999998,0.0001471746,-27365.215194848377,11.320519778580133,148.4822,147.1746,7.4201192146757256e-06,8.108454651781686e-06,1519.790064050502,0.7489154313462475,7.420119214675734,8.108454651781681,17.76429033279419
