placeholder,rhocov,rhomev,Env,Pv,Ncov,Nmev,rhocov_s,rhomev_s,Env_s,Pv_s,Ncov_s,Nmev_s,time
1,0.0017105929099999998,0.0008637225000000001,-1890421.5721861022,137.48888610355135,1710.5929100000003,863.7225,1.02077038839251e-05,7.762413859747524e-06,15963.533342366101,8.016437842232062,10.207703883925124,7.762413859747495,11589.210238933563
