placeholder,rhocov,rhomev,Env,Pv,Ncov,Nmev,rhocov_s,rhomev_s,Env_s,Pv_s,Ncov_s,Nmev_s,time
1,0.0001603617,0.00013470710000000003,-26555.853749619495,12.121998239805269,160.36169999999998,134.7071,1.0228239555759343e-05,8.156129332593984e-06,2335.649840590492,1.3274816023943905,10.228239555759336,8.156129332593983,86.88658666610718
