placeholder,rhocov,rhomev,Env,Pv,Ncov,Nmev,rhocov_s,rhomev_s,Env_s,Pv_s,Ncov_s,Nmev_s,time
1,0.000153322,0.00013488200000000001,-26461.374432885103,11.065529069680032,153.322,134.882,6.759568921166496e-06,8.060091810891486e-06,2565.5350676605995,0.8088807551739647,6.7595689211664975,8.060091810891484,17.8341646194458
