placeholder,rhocov,rhomev,Env,Pv,Ncov,Nmev,rhocov_s,rhomev_s,Env_s,Pv_s,Ncov_s,Nmev_s,time
1,0.00014154264,0.00013202128,-23212.839763709864,10.773551218232303,141.54264,132.02128,1.3619171525111209e-05,1.1499436071460201e-05,3631.4758366991196,1.0706510312608777,13.61917152511121,11.4994360714602,185.50354623794556
