placeholder,rhocov,rhomev,Env,Pv,Ncov,Nmev,rhocov_s,rhomev_s,Env_s,Pv_s,Ncov_s,Nmev_s,time
1,0.0005670092,0.0006334144,-363542.40949830785,50.5657604531834,567.0092,633.4144,3.8506358323788576e-05,3.6982535724852574e-05,46088.59192417515,4.777620284097014,38.50635832378855,36.98253572485261,57.66955065727234
