placeholder,rhocov,rhomev,Env,Pv,Ncov,Nmev,rhocov_s,rhomev_s,Env_s,Pv_s,Ncov_s,Nmev_s,time
1,0.00014802410000000002,0.0001331302,-23788.898880375353,11.018572342783951,148.0241,133.1302,5.7816965408087706e-06,4.446609085584202e-06,1577.2639661991914,0.6002709847852011,5.781696540808761,4.446609085584206,86.54247570037842
