placeholder,rhocov,rhomev,Env,Pv,Ncov,Nmev,rhocov_s,rhomev_s,Env_s,Pv_s,Ncov_s,Nmev_s,time
1,0.00013743622000000002,0.00012854020000000003,-21039.18573818399,10.421001657146643,137.43621999999996,128.5402,1.1694337412252134e-05,1.0887053998212737e-05,2942.7469637424,1.0644996575623806,11.694337412252136,10.887053998212739,179.79189324378967
