placeholder,rhocov,rhomev,Env,Pv,Ncov,Nmev,rhocov_s,rhomev_s,Env_s,Pv_s,Ncov_s,Nmev_s,time
1,0.0017275299300000002,0.00083581482,-1896265.5287205663,129.24702565358385,1727.52993,835.81482,8.306530378268666e-06,8.707126784858475e-06,19788.128867614083,6.879829253257497,8.306530378268647,8.707126784858483,11680.242791175842
