placeholder,rhocov,rhomev,Env,Pv,Ncov,Nmev,rhocov_s,rhomev_s,Env_s,Pv_s,Ncov_s,Nmev_s,time
1,0.00014022039999999998,0.0001239778,-21581.632750183515,10.221540762186025,140.2204,123.9778,4.814883159537729e-06,7.426238695328881e-06,1594.9553276521412,0.6224671495690915,4.814883159537726,7.42623869532888,18.07664728164673
