placeholder,rhocov,rhomev,Env,Pv,Ncov,Nmev,rhocov_s,rhomev_s,Env_s,Pv_s,Ncov_s,Nmev_s,time
1,0.0006197384,0.0005760839999999999,-360763.1781897746,48.524443002816206,619.7384,576.0840000000001,2.199608568450304e-05,2.970235855954875e-05,33449.46264185344,2.575783157881206,21.996085684503054,29.70235855954877,58.02760624885559
