placeholder,rhocov,rhomev,Env,Pv,Ncov,Nmev,rhocov_s,rhomev_s,Env_s,Pv_s,Ncov_s,Nmev_s,time
1,0.0017083464900000001,0.00086434721,-1899033.9591933647,132.6547952935229,1708.3464899999997,864.3472099999998,9.606937274173295e-06,1.5021518439422158e-05,16230.909216018206,8.713009047161407,9.60693727417328,15.021518439422161,11608.3905210495
