placeholder,rhocov,rhomev,Env,Pv,Ncov,Nmev,rhocov_s,rhomev_s,Env_s,Pv_s,Ncov_s,Nmev_s,time
1,0.0001393508,0.00012767982,-21404.14678504507,10.783850475860914,139.35080000000002,127.67981999999999,9.70706866978904e-06,1.2958253669673241e-05,3008.6912634351825,0.9489239727239629,9.707068669789043,12.95825366967324,184.42359924316406
