placeholder,rhocov,rhomev,Env,Pv,Ncov,Nmev,rhocov_s,rhomev_s,Env_s,Pv_s,Ncov_s,Nmev_s,time
1,0.0006216080000000001,0.0005870113999999999,-382173.4235228407,47.444198018018994,621.6080000000001,587.0114,3.7591378639257175e-05,2.888523429089679e-05,44602.2820438376,3.365429116542742,37.59137863925718,28.885234290896804,57.16397547721863
