placeholder,rhocov,rhomev,Env,Pv,Ncov,Nmev,rhocov_s,rhomev_s,Env_s,Pv_s,Ncov_s,Nmev_s,time
1,0.0001393722,0.000135195,-23786.799614573418,10.90498047216279,139.37220000000002,135.195,4.891255581136614e-06,7.051043965257912e-06,1197.2186130240825,1.116525199253543,4.891255581136607,7.051043965257909,16.94514012336731
