placeholder,rhocov,rhomev,Env,Pv,Ncov,Nmev,rhocov_s,rhomev_s,Env_s,Pv_s,Ncov_s,Nmev_s,time
1,0.00013732289999999998,0.00012677039999999998,-20340.437112938824,10.925028207786022,137.32289999999998,126.7704,1.1849290007844348e-05,4.713461258990036e-06,1546.1522909734465,0.39574077001080216,11.849290007844353,4.713461258990042,86.40966534614563
