placeholder,rhocov,rhomev,Env,Pv,Ncov,Nmev,rhocov_s,rhomev_s,Env_s,Pv_s,Ncov_s,Nmev_s,time
1,0.00011796494000000001,0.00011600640000000001,-3843.6148110219615,10.06202907794122,117.96494,116.0064,1.1063330158519179e-05,1.0994259476654168e-05,893.9852259064783,0.7599397315886519,11.06333015851918,10.99425947665417,186.5012810230255
