placeholder,rhocov,rhomev,Env,Pv,Ncov,Nmev,rhocov_s,rhomev_s,Env_s,Pv_s,Ncov_s,Nmev_s,time
1,0.0007486519999999999,0.0008439430000000001,-161284.0713561984,63.93123279990039,748.6519999999999,843.943,4.3420233209875796e-05,5.383147556030765e-05,20823.32308643321,3.5642505332598033,43.42023320987579,53.83147556030765,73.87129235267639
