placeholder,rhocov,rhomev,Env,Pv,Ncov,Nmev,rhocov_s,rhomev_s,Env_s,Pv_s,Ncov_s,Nmev_s,time
1,0.00011491820000000001,0.0001047028,-3334.046114384346,9.351862211727827,114.9182,104.70280000000002,7.446380514048422e-06,8.47798774238321e-06,472.1446511010988,0.5040241700775694,7.446380514048419,8.477987742383212,14.282447338104248
