placeholder,rhocov,rhomev,Env,Pv,Ncov,Nmev,rhocov_s,rhomev_s,Env_s,Pv_s,Ncov_s,Nmev_s,time
1,0.00145237233,0.0014770177699999997,-588050.4026547419,97.0949705851766,1452.3723300000001,1477.01777,2.1957947366753107e-05,3.468892413173261e-05,19705.728402802,3.425285820206502,21.95794736675311,34.688924131732605,14712.858435630798
