placeholder,rhocov,rhomev,Env,Pv,Ncov,Nmev,rhocov_s,rhomev_s,Env_s,Pv_s,Ncov_s,Nmev_s,time
1,0.00010026430000000001,9.848100000000001e-05,-10087.258745974672,8.324286787197325,100.2643,98.48100000000001,5.493744953126238e-06,5.091783165061139e-06,910.314672018796,0.43071090787642513,5.493744953126237,5.0917831650611385,57.18083095550537
