placeholder,rhocov,rhomev,Env,Pv,Ncov,Nmev,rhocov_s,rhomev_s,Env_s,Pv_s,Ncov_s,Nmev_s,time
1,0.000142058,0.00013173679999999998,-22887.940461809427,10.855029615167723,142.05799999999996,131.73680000000002,1.0533179197184485e-05,1.2174370528286055e-05,3941.6534688987754,1.0581684468963748,10.533179197184484,12.174370528286051,17.928297519683838
