placeholder,rhocov,rhomev,Env,Pv,Ncov,Nmev,rhocov_s,rhomev_s,Env_s,Pv_s,Ncov_s,Nmev_s,time
1,0.00014140454,0.00013370506,-23049.226435217166,10.78954684263734,141.40453999999997,133.70506,1.227450295484098e-05,1.0254397544292885e-05,3631.0773657173477,0.9957527185066308,12.274502954840981,10.254397544292887,183.7945499420166
