placeholder,rhocov,rhomev,Env,Pv,Ncov,Nmev,rhocov_s,rhomev_s,Env_s,Pv_s,Ncov_s,Nmev_s,time
1,0.0001477722,0.0001291496,-23579.402196152536,10.691614915045918,147.7722,129.14960000000002,8.225751245934928e-06,9.355676749439353e-06,2313.136893319269,0.40439636839627247,8.225751245934928,9.355676749439345,87.61793088912964
