placeholder,rhocov,rhomev,Env,Pv,Ncov,Nmev,rhocov_s,rhomev_s,Env_s,Pv_s,Ncov_s,Nmev_s,time
1,0.0005721080000000001,0.000605403,-341329.5518000799,47.83972852556524,572.108,605.4029999999999,3.621042203565156e-05,3.3530248806115324e-05,41376.49012558372,2.824328862329557,36.21042203565156,33.53024880611535,55.58767294883728
