placeholder,rhocov,rhomev,Env,Pv,Ncov,Nmev,rhocov_s,rhomev_s,Env_s,Pv_s,Ncov_s,Nmev_s,time
1,0.0016751417399999999,0.00084372621,-1811355.3853814125,132.46246981048546,1675.14174,843.72621,8.731550538844693e-06,1.0342457628914894e-05,12977.222379888013,7.5000477802713705,8.731550538844749,10.342457628914897,11502.086555480957
