placeholder,rhocov,rhomev,Env,Pv,Ncov,Nmev,rhocov_s,rhomev_s,Env_s,Pv_s,Ncov_s,Nmev_s,time
1,0.0006583549999999999,0.0007116298,-339675.2040608358,56.304421005637494,658.355,711.6297999999999,3.865718583911659e-05,4.6768650247361195e-05,39317.27475924311,4.759925186625834,38.65718583911665,46.76865024736122,62.85701107978821
