placeholder,rhocov,rhomev,Env,Pv,Ncov,Nmev,rhocov_s,rhomev_s,Env_s,Pv_s,Ncov_s,Nmev_s,time
1,0.0001284396,0.0001211596,-13627.971059997215,10.283870180987224,128.43959999999998,121.15960000000001,6.657063905356472e-06,9.243829284447e-06,1750.5852643423814,0.6877746563427413,6.657063905356476,9.243829284447004,16.47736620903015
