placeholder,rhocov,rhomev,Env,Pv,Ncov,Nmev,rhocov_s,rhomev_s,Env_s,Pv_s,Ncov_s,Nmev_s,time
1,0.00013571932000000002,0.00012569698000000003,-14519.666363437898,10.648056895679336,135.71932,125.69698000000001,1.0974020317896261e-05,1.1845106089841492e-05,2205.7369678110167,0.9589236007914624,10.974020317896263,11.84510608984149,173.15871930122375
