placeholder,rhocov,rhomev,Env,Pv,Ncov,Nmev,rhocov_s,rhomev_s,Env_s,Pv_s,Ncov_s,Nmev_s,time
1,0.00227947285,0.00118051594,-2468279.8733747434,145.17851315322102,2279.47285,1180.5159400000002,1.478638271003094e-05,1.642034823249494e-05,11972.189620529907,6.933759619348515,14.786382710030878,16.42034823249495,15528.616202831268
