placeholder,rhocov,rhomev,Env,Pv,Ncov,Nmev,rhocov_s,rhomev_s,Env_s,Pv_s,Ncov_s,Nmev_s,time
1,0.00012192649999999999,0.00011542220000000001,-12033.770097037997,9.660483226266082,121.9265,115.4222,9.041512696999329e-06,7.948471900937944e-06,1040.456366596123,0.4692781023634573,9.041512696999328,7.948471900937941,78.96247935295105
