placeholder,rhocov,rhomev,Env,Pv,Ncov,Nmev,rhocov_s,rhomev_s,Env_s,Pv_s,Ncov_s,Nmev_s,time
1,0.0001281809,0.00013101494,-14081.240176388119,10.598129258654424,128.1809,131.01494,1.2505941411585136e-05,9.570641263593572e-06,1926.9718157303969,0.8906770376054911,12.505941411585134,9.570641263593574,175.8885931968689
