placeholder,rhocov,rhomev,Env,Pv,Ncov,Nmev,rhocov_s,rhomev_s,Env_s,Pv_s,Ncov_s,Nmev_s,time
1,0.00013673920000000002,0.0001218282,-14020.03478054808,10.658206667899387,136.7392,121.8282,6.594846121025113e-06,7.2122370149628325e-06,1403.13841754246,0.7560477289160937,6.594846121025114,7.212237014962832,17.017505645751953
