placeholder,rhocov,rhomev,Env,Pv,Ncov,Nmev,rhocov_s,rhomev_s,Env_s,Pv_s,Ncov_s,Nmev_s,time
1,0.0022969343700000003,0.0012014988099999999,-2531558.8693130584,147.30036233697547,2296.93437,1201.49881,1.850223533936105e-05,1.1449201376248931e-05,15823.520792669156,8.363458435489045,18.502235339361025,11.449201376248922,15708.004068851471
