placeholder,rhocov,rhomev,Env,Pv,Ncov,Nmev,rhocov_s,rhomev_s,Env_s,Pv_s,Ncov_s,Nmev_s,time
1,0.000129229,0.00012276399999999998,-13542.637941392162,10.34148250072234,129.22899999999998,122.76399999999998,8.087635439360507e-06,1.0647818227223834e-05,1229.340371957771,0.42200383855754636,8.087635439360504,10.64781822722383,84.3113169670105
