placeholder,rhocov,rhomev,Env,Pv,Ncov,Nmev,rhocov_s,rhomev_s,Env_s,Pv_s,Ncov_s,Nmev_s,time
1,0.0006692648,0.000678481,-323521.5676968482,49.15107414880638,669.2647999999999,678.4810000000001,3.486665514442127e-05,5.137240883003252e-05,39931.75013465417,4.66871376447585,34.8666551444213,51.372408830032484,61.292237758636475
