placeholder,rhocov,rhomev,Env,Pv,Ncov,Nmev,rhocov_s,rhomev_s,Env_s,Pv_s,Ncov_s,Nmev_s,time
1,0.0006724553999999999,0.0006962476,-334365.71010858094,49.930367595905466,672.4553999999999,696.2475999999999,3.7269655925967416e-05,3.7215036722271296e-05,34473.763064124476,3.2713468029350823,37.26965592596744,37.215036722271286,61.36937975883484
