placeholder,rhocov,rhomev,Env,Pv,Ncov,Nmev,rhocov_s,rhomev_s,Env_s,Pv_s,Ncov_s,Nmev_s,time
1,0.00013154952,0.00012554715999999998,-13922.744694187508,10.591180952187448,131.54952000000003,125.54716,1.1989764992259021e-05,1.0834692295326155e-05,2329.4833165424893,0.9246529163964795,11.989764992259023,10.834692295326159,175.23511958122253
