placeholder,rhocov,rhomev,Env,Pv,Ncov,Nmev,rhocov_s,rhomev_s,Env_s,Pv_s,Ncov_s,Nmev_s,time
1,0.0001257812,0.00012663019999999999,-12220.139872400008,10.671231095081957,125.78119999999998,126.6302,1.2160384145248042e-05,9.466405545929248e-06,2408.9003558774125,1.050162970900308,12.160384145248045,9.466405545929247,16.650495529174805
