placeholder,rhocov,rhomev,Env,Pv,Ncov,Nmev,rhocov_s,rhomev_s,Env_s,Pv_s,Ncov_s,Nmev_s,time
1,0.00234991994,0.00120455353,-2600068.016577731,153.32620837684652,2349.91994,1204.55353,2.0381786863678022e-05,1.2921573728037181e-05,38637.847321285764,10.778643821495836,20.381786863678062,12.92157372803716,15624.96322107315
