placeholder,rhocov,rhomev,Env,Pv,Ncov,Nmev,rhocov_s,rhomev_s,Env_s,Pv_s,Ncov_s,Nmev_s,time
1,0.00013691350000000002,0.0001263705,-15431.819509176357,10.471294581403821,136.9135,126.37049999999999,1.0354241780545786e-05,4.756216610920908e-06,1457.6933993725575,0.6705233765325486,10.354241780545784,4.756216610920912,85.20600247383118
