placeholder,rhocov,rhomev,Env,Pv,Ncov,Nmev,rhocov_s,rhomev_s,Env_s,Pv_s,Ncov_s,Nmev_s,time
1,0.0006548262000000002,0.0007054588,-338012.82933620655,47.67041496209964,654.8262,705.4588,3.225109740086376e-05,4.4591665886800005e-05,35094.49983017008,3.1533436172606475,32.25109740086375,44.591665886799966,60.909542083740234
