placeholder,rhocov,rhomev,Env,Pv,Ncov,Nmev,rhocov_s,rhomev_s,Env_s,Pv_s,Ncov_s,Nmev_s,time
1,0.000126463,0.0001190426,-11857.673653024312,10.194965048266372,126.46300000000001,119.04260000000002,6.781178437410417e-06,1.332187281278425e-05,1143.0172238028897,0.9657351863457125,6.781178437410418,13.321872812784243,16.4542555809021
