placeholder,rhocov,rhomev,Env,Pv,Ncov,Nmev,rhocov_s,rhomev_s,Env_s,Pv_s,Ncov_s,Nmev_s,time
1,0.00013413206,0.00012602182,-14083.731426424205,10.663397260987887,134.13206,126.02181999999999,1.2376523888249075e-05,1.0749410648384403e-05,2121.021356886507,0.8825972536933154,12.376523888249075,10.749410648384403,175.7020299434662
