placeholder,rhocov,rhomev,Env,Pv,Ncov,Nmev,rhocov_s,rhomev_s,Env_s,Pv_s,Ncov_s,Nmev_s,time
1,0.00230189023,0.00118360434,-2501863.130537441,157.382787070721,2301.8902299999995,1183.6043399999996,2.3894616966946863e-05,1.1241386023280211e-05,36083.11616591366,6.84191257226731,23.89461696694675,11.24138602328022,15593.050972938538
