placeholder,rhocov,rhomev,Env,Pv,Ncov,Nmev,rhocov_s,rhomev_s,Env_s,Pv_s,Ncov_s,Nmev_s,time
1,0.00013500300000000002,0.00011843179999999999,-14132.3961899574,10.639995781034482,135.003,118.4318,6.398950179521635e-06,7.074526553770224e-06,1266.9606027736593,0.7254004684756885,6.398950179521639,7.074526553770221,85.6163580417633
