placeholder,rhocov,rhomev,Env,Pv,Ncov,Nmev,rhocov_s,rhomev_s,Env_s,Pv_s,Ncov_s,Nmev_s,time
1,0.00012631268,0.00012870688000000003,-13487.94161736067,10.413959613299527,126.31268000000001,128.70687999999998,1.043197617029487e-05,1.0215045426506921e-05,1827.4648458381005,0.8548220948932497,10.431976170294869,10.215045426506924,174.4296736717224
