placeholder,rhocov,rhomev,Env,Pv,Ncov,Nmev,rhocov_s,rhomev_s,Env_s,Pv_s,Ncov_s,Nmev_s,time
1,0.0022205283300000002,0.0011949931500000001,-2385364.4023325155,132.3054331844565,2220.5283299999996,1194.9931500000002,1.103048227237148e-05,1.3093020663219786e-05,15822.424460532484,7.420309415427512,11.03048227237142,13.093020663219782,15422.282484054565
