placeholder,rhocov,rhomev,Env,Pv,Ncov,Nmev,rhocov_s,rhomev_s,Env_s,Pv_s,Ncov_s,Nmev_s,time
1,0.00013562859999999998,0.0001309525,-14701.994327663933,10.971331601819555,135.6286,130.95250000000001,5.745138644105989e-06,1.2164803847576003e-05,1781.0975321468468,0.5297885788757736,5.745138644105989,12.164803847576007,91.9022114276886
