placeholder,rhocov,rhomev,Env,Pv,Ncov,Nmev,rhocov_s,rhomev_s,Env_s,Pv_s,Ncov_s,Nmev_s,time
1,0.0001276408,0.0001150188,-12940.624781057088,9.8829599539886,127.6408,115.01880000000001,8.371117449898789e-06,9.963625372323062e-06,1916.5047461604242,0.8906542100826011,8.371117449898788,9.963625372323069,16.873130083084106
