placeholder,rhocov,rhomev,Env,Pv,Ncov,Nmev,rhocov_s,rhomev_s,Env_s,Pv_s,Ncov_s,Nmev_s,time
1,0.0006842498000000001,0.0007236753999999999,-346704.0259057337,54.383721950931715,684.2498,723.6754,3.976527210971906e-05,4.215331575143286e-05,39991.57651607592,3.6491212008716274,39.76527210971906,42.15331575143289,62.516780376434326
