placeholder,rhocov,rhomev,Env,Pv,Ncov,Nmev,rhocov_s,rhomev_s,Env_s,Pv_s,Ncov_s,Nmev_s,time
1,0.000134062,0.0001190772,-13093.266501482683,10.34242651216227,134.06199999999998,119.0772,8.051374789438138e-06,9.183649174483961e-06,1745.2370079155191,0.9610489275761317,8.051374789438135,9.183649174483964,16.632498264312744
