placeholder,rhocov,rhomev,Env,Pv,Ncov,Nmev,rhocov_s,rhomev_s,Env_s,Pv_s,Ncov_s,Nmev_s,time
1,0.00229152386,0.00121074288,-2503693.2984474697,156.17705859983653,2291.5238600000002,1210.7428799999998,1.6717533583049855e-05,1.0284643174442201e-05,22829.16671194183,10.490570773652195,16.717533583049864,10.284643174442184,15581.994083404541
