placeholder,rhocov,rhomev,Env,Pv,Ncov,Nmev,rhocov_s,rhomev_s,Env_s,Pv_s,Ncov_s,Nmev_s,time
1,0.00013057202,0.00012686417999999998,-14042.855663663344,10.461343927289796,130.57202,126.86417999999999,9.349758120914143e-06,1.31966219892668e-05,2304.1094532805373,0.8244757124411534,9.349758120914146,13.1966219892668,175.3367474079132
