placeholder,rhocov,rhomev,Env,Pv,Ncov,Nmev,rhocov_s,rhomev_s,Env_s,Pv_s,Ncov_s,Nmev_s,time
1,0.0007228982000000001,0.0006930883999999999,-367381.7093944558,55.208382947761486,722.8982000000001,693.0884000000001,5.10872730409444e-05,3.328436097388683e-05,43756.08419780772,3.865099851051989,51.08727304094435,33.28436097388681,63.6198205947876
