placeholder,rhocov,rhomev,Env,Pv,Ncov,Nmev,rhocov_s,rhomev_s,Env_s,Pv_s,Ncov_s,Nmev_s,time
1,0.0001315368,0.0001226188,-13282.405433538865,10.393519894398963,131.5368,122.61880000000001,9.252525998882688e-06,9.065331265872193e-06,1351.6828647456468,0.5447125943447251,9.252525998882685,9.065331265872194,93.002432346344
