placeholder,rhocov,rhomev,Env,Pv,Ncov,Nmev,rhocov_s,rhomev_s,Env_s,Pv_s,Ncov_s,Nmev_s,time
1,0.00013337490000000002,0.00012441680000000002,-14719.18708613711,10.358071033377053,133.3749,124.41680000000001,1.1515908739218102e-05,8.35887394090855e-06,2092.6439616723983,0.5473944590714076,11.515908739218107,8.358873940908552,90.69921517372131
