placeholder,rhocov,rhomev,Env,Pv,Ncov,Nmev,rhocov_s,rhomev_s,Env_s,Pv_s,Ncov_s,Nmev_s,time
1,0.00012732602,0.00012478544,-13310.69487895801,10.370472796863385,127.32601999999999,124.78544000000001,1.064281977483411e-05,9.504721963655748e-06,1972.0479059893541,0.8225477116805124,10.642819774834111,9.504721963655749,176.35282611846924
