placeholder,rhocov,rhomev,Env,Pv,Ncov,Nmev,rhocov_s,rhomev_s,Env_s,Pv_s,Ncov_s,Nmev_s,time
1,0.0006574046,0.0006907984,-327159.23513335624,50.59147296869151,657.4046,690.7984,3.7941222922304444e-05,4.1706643420922793e-05,38632.99737327156,4.777111784743337,37.94122292230444,41.706643420922774,61.23145580291748
