placeholder,rhocov,rhomev,Env,Pv,Ncov,Nmev,rhocov_s,rhomev_s,Env_s,Pv_s,Ncov_s,Nmev_s,time
1,0.0023125060800000003,0.00118227319,-2519023.9259265107,142.96567335716682,2312.5060800000006,1182.27319,8.735559626812691e-06,1.0412622711589009e-05,19733.17070030552,5.184042635486202,8.735559626812726,10.412622711589044,15530.78116941452
