placeholder,rhocov,rhomev,Env,Pv,Ncov,Nmev,rhocov_s,rhomev_s,Env_s,Pv_s,Ncov_s,Nmev_s,time
1,0.000120079,0.00011719580000000001,-11970.941794604174,9.9229732966029,120.07900000000001,117.1958,5.4048186833602495e-06,6.4334970552569656e-06,1384.8301720312982,0.7964023310906984,5.404818683360246,6.433497055256962,16.088947296142578
