placeholder,rhocov,rhomev,Env,Pv,Ncov,Nmev,rhocov_s,rhomev_s,Env_s,Pv_s,Ncov_s,Nmev_s,time
1,0.00012978044,0.00012602185999999998,-13928.246204138726,10.431916474468657,129.78044,126.02185999999999,1.230982270410098e-05,1.023286196234465e-05,2138.4898094081877,0.81732442116124,12.30982270410098,10.23286196234465,173.8946294784546
