placeholder,rhocov,rhomev,Env,Pv,Ncov,Nmev,rhocov_s,rhomev_s,Env_s,Pv_s,Ncov_s,Nmev_s,time
1,0.0001329834,0.0001203824,-14354.36136579197,10.307272781158327,132.98340000000002,120.3824,9.031909789186333e-06,7.416182996663447e-06,1696.3266579528065,0.7887369626299535,9.031909789186338,7.416182996663447,17.096845388412476
