placeholder,rhocov,rhomev,Env,Pv,Ncov,Nmev,rhocov_s,rhomev_s,Env_s,Pv_s,Ncov_s,Nmev_s,time
1,0.00012942329999999998,0.0001251063,-13612.928391417092,10.434965245328314,129.4233,125.1063,1.2831545168451067e-05,3.5515616579189517e-06,2034.7006726520713,0.6595405047426839,12.83154516845107,3.5515616579189473,91.89018702507019
