placeholder,rhocov,rhomev,Env,Pv,Ncov,Nmev,rhocov_s,rhomev_s,Env_s,Pv_s,Ncov_s,Nmev_s,time
1,0.0022770110299999997,0.0012140337,-2488515.697613493,147.388843472414,2277.01103,1214.0337000000002,6.678830308452207e-06,2.0361146665401724e-05,22238.82179784058,10.636906500102395,6.6788303084522145,20.361146665401733,15504.479264259338
