placeholder,rhocov,rhomev,Env,Pv,Ncov,Nmev,rhocov_s,rhomev_s,Env_s,Pv_s,Ncov_s,Nmev_s,time
1,0.0006779288,0.0006842619999999999,-339986.3490630538,48.799201201243385,677.9288,684.262,3.8926814801111035e-05,3.650966852766537e-05,40837.02685170486,0.9420033461987346,38.92681480111107,36.509668527665376,61.49227786064148
