placeholder,rhocov,rhomev,Env,Pv,Ncov,Nmev,rhocov_s,rhomev_s,Env_s,Pv_s,Ncov_s,Nmev_s,time
1,0.0022980910499999997,0.0011838559,-2488125.738499665,144.06870389478883,2298.09105,1183.8559,1.7531030779378058e-05,1.3834996886519324e-05,23675.168488054056,8.629412338945723,17.53103077937806,13.834996886519344,15425.946455478668
