placeholder,rhocov,rhomev,Env,Pv,Ncov,Nmev,rhocov_s,rhomev_s,Env_s,Pv_s,Ncov_s,Nmev_s,time
1,0.0001299784,0.00012063599999999999,-13370.964369983512,10.174172697789928,129.9784,120.636,1.2002941382844454e-05,1.138949296500946e-05,2135.7759569006807,0.8505284128105123,12.002941382844458,11.38949296500946,175.91079115867615
