placeholder,rhocov,rhomev,Env,Pv,Ncov,Nmev,rhocov_s,rhomev_s,Env_s,Pv_s,Ncov_s,Nmev_s,time
1,0.0001286468,0.0001302426,-13867.081175290758,10.568410939885418,128.6468,130.2426,8.657364596688766e-06,5.259597250740782e-06,2062.0669558450527,0.8651451194394281,8.657364596688764,5.259597250740783,18.199129343032837
