placeholder,rhocov,rhomev,Env,Pv,Ncov,Nmev,rhocov_s,rhomev_s,Env_s,Pv_s,Ncov_s,Nmev_s,time
1,0.0006392156,0.0007004536,-315690.30885515624,48.73625523918045,639.2156,700.4536,3.993492562457078e-05,3.786672157765967e-05,37028.932877967745,4.543557454006538,39.93492562457077,37.866721577659725,62.25467872619629
