placeholder,rhocov,rhomev,Env,Pv,Ncov,Nmev,rhocov_s,rhomev_s,Env_s,Pv_s,Ncov_s,Nmev_s,time
1,0.00012077120000000001,0.0001219075,-12472.522853977764,9.777488779826562,120.7712,121.90750000000003,8.91742094778529e-06,1.345257874349747e-05,2335.4508901324925,0.8779779783574961,8.917420947785295,13.452578743497472,105.96823358535767
