placeholder,rhocov,rhomev,Env,Pv,Ncov,Nmev,rhocov_s,rhomev_s,Env_s,Pv_s,Ncov_s,Nmev_s,time
1,0.00010641419999999999,9.931020000000001e-05,-10897.390874003331,8.560869935572903,106.41419999999998,99.3102,3.973551378804606e-06,1.0801637873952265e-05,1941.158459515707,0.6011637857462324,3.973551378804608,10.801637873952265,58.2835111618042
