placeholder,rhocov,rhomev,Env,Pv,Ncov,Nmev,rhocov_s,rhomev_s,Env_s,Pv_s,Ncov_s,Nmev_s,time
1,0.00011321416,0.00011665729999999999,-3741.2392263266634,9.848941577998824,113.21416,116.65730000000002,9.364150292172805e-06,1.0317740804556006e-05,751.7271229064137,0.6868445551734814,9.364150292172802,10.317740804556005,185.3561863899231
