placeholder,rhocov,rhomev,Env,Pv,Ncov,Nmev,rhocov_s,rhomev_s,Env_s,Pv_s,Ncov_s,Nmev_s,time
1,0.0001236504,0.00011338019999999999,-3719.339186627083,10.369092867054706,123.65039999999998,113.38019999999999,7.413162607146827e-06,7.328482650590092e-06,742.6006671530945,0.5257327951901093,7.41316260714683,7.328482650590093,15.650492906570435
