placeholder,rhocov,rhomev,Env,Pv,Ncov,Nmev,rhocov_s,rhomev_s,Env_s,Pv_s,Ncov_s,Nmev_s,time
1,0.0007100616000000001,0.0007881265999999999,-137739.87392188143,60.44062339500274,710.0616,788.1265999999999,4.0962989410442226e-05,5.479814980854736e-05,17696.772376314395,3.141482343958719,40.962989410442205,54.798149808547365,69.70280909538269
