placeholder,rhocov,rhomev,Env,Pv,Ncov,Nmev,rhocov_s,rhomev_s,Env_s,Pv_s,Ncov_s,Nmev_s,time
1,0.0014259816800000003,0.00147338517,-562736.8942784078,96.35754001738151,1425.9816800000006,1473.3851699999996,3.273119273380668e-05,3.148424791861956e-05,18277.153792128014,5.88358653039099,32.73119273380669,31.48424791861956,14420.615237236023
