placeholder,rhocov,rhomev,Env,Pv,Ncov,Nmev,rhocov_s,rhomev_s,Env_s,Pv_s,Ncov_s,Nmev_s,time
1,0.00012958694,0.00012500896,-13833.21167952606,10.513504386620058,129.58694,125.00895999999999,1.5283047851668855e-05,1.2004682991166404e-05,3121.8120719613257,1.0011471097045803,15.283047851668854,12.004682991166407,177.48891353607178
