placeholder,rhocov,rhomev,Env,Pv,Ncov,Nmev,rhocov_s,rhomev_s,Env_s,Pv_s,Ncov_s,Nmev_s,time
1,0.0006638503999999998,0.0006922759999999999,-334566.2131520187,46.86154153597233,663.8504,692.2760000000001,5.079472830757143e-05,3.814614785269935e-05,43883.62684387165,3.687405354580292,50.794728307571454,38.14614785269936,62.567031145095825
