placeholder,rhocov,rhomev,Env,Pv,Ncov,Nmev,rhocov_s,rhomev_s,Env_s,Pv_s,Ncov_s,Nmev_s,time
1,0.00013423219999999999,0.00012695040000000002,-14048.264273140241,10.642323578849389,134.2322,126.95039999999999,5.49107286056195e-06,5.782089227952121e-06,1561.0869288784445,0.6860976640016947,5.49107286056195,5.782089227952126,18.028843879699707
