placeholder,rhocov,rhomev,Env,Pv,Ncov,Nmev,rhocov_s,rhomev_s,Env_s,Pv_s,Ncov_s,Nmev_s,time
1,0.0001345644,0.00012533690000000002,-14274.435821751937,10.883116946566682,134.56440000000003,125.33689999999999,8.118374901419626e-06,8.81313291003829e-06,1515.0255836970484,0.8246028441029941,8.118374901419617,8.813132910038288,108.82228446006775
