placeholder,rhocov,rhomev,Env,Pv,Ncov,Nmev,rhocov_s,rhomev_s,Env_s,Pv_s,Ncov_s,Nmev_s,time
1,0.00228273561,0.0012075687899999999,-2503927.067547591,154.82951638503425,2282.7356100000006,1207.56879,1.5984747806515514e-05,1.7148249513752107e-05,24777.625988411077,13.61654030371333,15.984747806515431,17.14824951375212,15455.048008680344
