placeholder,rhocov,rhomev,Env,Pv,Ncov,Nmev,rhocov_s,rhomev_s,Env_s,Pv_s,Ncov_s,Nmev_s,time
1,0.00012495682,0.00012264842,-9817.667598580341,10.275522286598976,124.95682000000001,122.64842000000002,1.0433933644009818e-05,1.1089075746138626e-05,1809.4675768690342,0.7866773033344445,10.433933644009818,11.08907574613863,171.66344714164734
