placeholder,rhocov,rhomev,Env,Pv,Ncov,Nmev,rhocov_s,rhomev_s,Env_s,Pv_s,Ncov_s,Nmev_s,time
1,0.0007128647999999998,0.0007875606000000001,-311639.09685500496,52.12507020709964,712.8648,787.5605999999998,3.5594440703008644e-05,5.810209023468952e-05,37416.549551581025,5.200320008419396,35.594440703008665,58.10209023468949,68.85016584396362
