placeholder,rhocov,rhomev,Env,Pv,Ncov,Nmev,rhocov_s,rhomev_s,Env_s,Pv_s,Ncov_s,Nmev_s,time
1,0.0001265754,0.00011395520000000002,-10041.482601822605,10.028205256217447,126.57539999999999,113.9552,3.632926759514971e-06,9.092384338554994e-06,1326.570002634258,0.6527405794460066,3.6329267595149766,9.092384338554988,17.078518390655518
