placeholder,rhocov,rhomev,Env,Pv,Ncov,Nmev,rhocov_s,rhomev_s,Env_s,Pv_s,Ncov_s,Nmev_s,time
1,0.00268597372,0.00151103602,-2811326.40917143,154.61077030904494,2685.9737200000004,1511.0360200000002,2.8302604831032695e-05,1.882538053053911e-05,25731.281427546382,7.371419417549782,28.302604831032802,18.82538053053909,18293.96340560913
