placeholder,rhocov,rhomev,Env,Pv,Ncov,Nmev,rhocov_s,rhomev_s,Env_s,Pv_s,Ncov_s,Nmev_s,time
1,0.00012700070000000002,0.0001196631,-9520.147014655953,10.312252412649634,127.00069999999998,119.66310000000001,1.0867989087683145e-05,4.469412588920379e-06,1037.0070149360906,0.5709003884081638,10.867989087683151,4.469412588920382,102.55733442306519
