placeholder,rhocov,rhomev,Env,Pv,Ncov,Nmev,rhocov_s,rhomev_s,Env_s,Pv_s,Ncov_s,Nmev_s,time
1,0.0027003387700000004,0.0015267355799999998,-2852855.525031211,152.9928501123282,2700.33877,1526.7355799999998,3.00112522230762e-05,8.694905537359222e-06,39486.000730061176,11.523430368361744,30.011252223076262,8.69490553735922,18537.00257539749
