placeholder,rhocov,rhomev,Env,Pv,Ncov,Nmev,rhocov_s,rhomev_s,Env_s,Pv_s,Ncov_s,Nmev_s,time
1,0.00012234140000000001,0.00011353300000000003,-9349.890526671135,9.639435873640302,122.3414,113.53299999999999,9.32451092765728e-06,9.73258018204833e-06,1359.267262451224,0.6149289916744811,9.324510927657277,9.732580182048334,17.093276023864746
