placeholder,rhocov,rhomev,Env,Pv,Ncov,Nmev,rhocov_s,rhomev_s,Env_s,Pv_s,Ncov_s,Nmev_s,time
1,0.00013261700000000002,0.0001179319,-9697.432420436857,10.512320762369228,132.617,117.9319,9.822797798997999e-06,8.749736949760267e-06,1253.566322998578,0.6646529597448696,9.822797798998003,8.74973694976026,104.61883616447449
