placeholder,rhocov,rhomev,Env,Pv,Ncov,Nmev,rhocov_s,rhomev_s,Env_s,Pv_s,Ncov_s,Nmev_s,time
1,0.0006787422,0.0007251766,-280629.2574610914,51.72794773578953,678.7422,725.1766,3.865053853648095e-05,4.350183290897065e-05,34996.155407068436,1.5454039280930723,38.650538536480965,43.50183290897063,67.37503409385681
