placeholder,rhocov,rhomev,Env,Pv,Ncov,Nmev,rhocov_s,rhomev_s,Env_s,Pv_s,Ncov_s,Nmev_s,time
1,0.00011980534,0.00012052991999999998,-9134.372741402574,10.036173919736852,119.80534,120.52991999999999,1.2052714170857947e-05,1.1438218444915275e-05,1604.8706942646772,0.8643915443491227,12.052714170857948,11.438218444915275,169.13524913787842
