placeholder,rhocov,rhomev,Env,Pv,Ncov,Nmev,rhocov_s,rhomev_s,Env_s,Pv_s,Ncov_s,Nmev_s,time
1,0.00012852964,0.00012255726,-10125.215285025468,10.455073247386306,128.52964,122.55726000000001,9.623364249076306e-06,9.039099418216396e-06,1321.5775500551715,0.7306281097846604,9.623364249076307,9.039099418216397,172.95094633102417
