placeholder,rhocov,rhomev,Env,Pv,Ncov,Nmev,rhocov_s,rhomev_s,Env_s,Pv_s,Ncov_s,Nmev_s,time
1,0.0001141641,0.0001193421,-8483.85898335069,9.778015326468337,114.1641,119.3421,7.36746848585048e-06,9.590209199490897e-06,1067.986459758083,0.6507006449178123,7.367468485850484,9.590209199490905,104.08101725578308
