placeholder,rhocov,rhomev,Env,Pv,Ncov,Nmev,rhocov_s,rhomev_s,Env_s,Pv_s,Ncov_s,Nmev_s,time
1,0.0006477036,0.0007406644,-277548.3302511603,48.31433198380793,647.7036,740.6644,4.034791735690951e-05,4.299550074879931e-05,32610.708289154933,2.393513200118121,40.34791735690951,42.99550074879929,68.62776327133179
