placeholder,rhocov,rhomev,Env,Pv,Ncov,Nmev,rhocov_s,rhomev_s,Env_s,Pv_s,Ncov_s,Nmev_s,time
1,0.00012301079999999998,0.00011811439999999999,-9600.915046606735,10.460276194994677,123.01080000000002,118.1144,8.75876311815772e-06,9.106512210500792e-06,1978.3890865537567,0.5798181854666999,8.758763118157724,9.10651221050079,17.186723947525024
