placeholder,rhocov,rhomev,Env,Pv,Ncov,Nmev,rhocov_s,rhomev_s,Env_s,Pv_s,Ncov_s,Nmev_s,time
1,0.0027018655799999998,0.0014933450499999999,-2806485.4928695206,152.422078123541,2701.8655799999997,1493.3450500000001,2.3659481635141493e-05,8.727862196867046e-06,35078.988089472165,8.834383733202708,23.659481635141518,8.727862196867,18404.519474506378
