placeholder,rhocov,rhomev,Env,Pv,Ncov,Nmev,rhocov_s,rhomev_s,Env_s,Pv_s,Ncov_s,Nmev_s,time
1,0.00012480682000000001,0.00012002242,-9703.742699944816,10.14256390960684,124.80682,120.02242000000001,1.31063318013699e-05,9.067229739209214e-06,1783.676460192663,0.8120351760662958,13.106331801369901,9.067229739209214,168.8162920475006
