placeholder,rhocov,rhomev,Env,Pv,Ncov,Nmev,rhocov_s,rhomev_s,Env_s,Pv_s,Ncov_s,Nmev_s,time
1,0.00013316880000000003,0.00011456080000000002,-10495.036728742656,10.200060545906942,133.1688,114.5608,7.369125766330757e-06,7.339893143636354e-06,1028.1116443687297,0.616729558149411,7.3691257663307645,7.339893143636358,17.629646062850952
