placeholder,rhocov,rhomev,Env,Pv,Ncov,Nmev,rhocov_s,rhomev_s,Env_s,Pv_s,Ncov_s,Nmev_s,time
1,0.0007253822000000002,0.0007344242,-303310.7419976038,52.53500372320715,725.3822,734.4242000000002,4.299608355606355e-05,4.894817459681203e-05,38592.68698450519,3.7481852985854367,42.99608355606356,48.948174596812095,69.35390448570251
