placeholder,rhocov,rhomev,Env,Pv,Ncov,Nmev,rhocov_s,rhomev_s,Env_s,Pv_s,Ncov_s,Nmev_s,time
1,0.00267646255,0.0014740723000000002,-2749804.6185624246,138.0016339612294,2676.46255,1474.0722999999998,1.985880926761469e-05,2.1988060153410478e-05,33746.70564068844,5.311683213435366,19.858809267614696,21.988060153410522,18225.392494916916
