placeholder,rhocov,rhomev,Env,Pv,Ncov,Nmev,rhocov_s,rhomev_s,Env_s,Pv_s,Ncov_s,Nmev_s,time
1,0.00013036609999999996,0.0001195151,-10405.561100718882,10.378961824921348,130.3661,119.51509999999999,5.354898382789342e-06,6.962184663595185e-06,1282.7394506695077,0.3987163583629497,5.354898382789354,6.962184663595184,104.13220548629761
