placeholder,rhocov,rhomev,Env,Pv,Ncov,Nmev,rhocov_s,rhomev_s,Env_s,Pv_s,Ncov_s,Nmev_s,time
1,0.00011589260000000002,0.00010856980000000001,-8172.569966802356,9.265487504241205,115.89259999999999,108.56979999999999,9.82014700704628e-06,6.669921930577603e-06,940.1873402481017,0.3143866788917461,9.82014700704628,6.669921930577599,101.66438412666321
