placeholder,rhocov,rhomev,Env,Pv,Ncov,Nmev,rhocov_s,rhomev_s,Env_s,Pv_s,Ncov_s,Nmev_s,time
1,0.00011810064,0.0001231555,-9398.28773600505,10.014362361761542,118.10064,123.15550000000002,1.0311562034454335e-05,8.684665540479954e-06,1487.581277454816,0.7682498526874604,10.311562034454335,8.684665540479955,171.94836735725403
