placeholder,rhocov,rhomev,Env,Pv,Ncov,Nmev,rhocov_s,rhomev_s,Env_s,Pv_s,Ncov_s,Nmev_s,time
1,0.00012225580000000002,0.000129675,-9387.066210854078,11.047484429082436,122.2558,129.675,5.933465796648703e-06,1.2139888673295157e-05,1407.050825804779,0.6561158837875641,5.933465796648702,12.139888673295154,16.703819513320923
