placeholder,rhocov,rhomev,Env,Pv,Ncov,Nmev,rhocov_s,rhomev_s,Env_s,Pv_s,Ncov_s,Nmev_s,time
1,0.00270580721,0.00153688861,-2861791.6696398435,143.60359403170187,2705.8072099999995,1536.88861,9.459671552749569e-06,2.4913072423888217e-05,30324.62689919111,7.9642896831987455,9.459671552749622,24.91307242388822,18520.55556988716
