placeholder,rhocov,rhomev,Env,Pv,Ncov,Nmev,rhocov_s,rhomev_s,Env_s,Pv_s,Ncov_s,Nmev_s,time
1,0.0006998734000000001,0.0007206034,-277544.36032432935,53.784530448304615,699.8734000000001,720.6034,5.401866202008342e-05,3.735122212779655e-05,34689.379317412946,5.947663455290445,54.0186620200834,37.35122212779657,69.08815169334412
