placeholder,rhocov,rhomev,Env,Pv,Ncov,Nmev,rhocov_s,rhomev_s,Env_s,Pv_s,Ncov_s,Nmev_s,time
1,0.00012977435999999998,0.00012369796,-10274.223480469907,10.456149286392971,129.77435999999997,123.69796000000001,1.021309746308141e-05,1.2010211082175033e-05,1801.0912968140792,0.9350686816006061,10.213097463081413,12.010211082175033,193.72245836257935
