placeholder,rhocov,rhomev,Env,Pv,Ncov,Nmev,rhocov_s,rhomev_s,Env_s,Pv_s,Ncov_s,Nmev_s,time
1,0.000127056,0.00011588540000000001,-9590.601769251032,10.299770966165031,127.05600000000003,115.88539999999999,1.0137750835367777e-05,6.125359813104859e-06,1543.3830534617664,0.709815807445139,10.137750835367774,6.125359813104859,12.977107524871826
