placeholder,rhocov,rhomev,Env,Pv,Ncov,Nmev,rhocov_s,rhomev_s,Env_s,Pv_s,Ncov_s,Nmev_s,time
1,0.0027121252099999997,0.0015048752200000003,-2822197.6537858616,144.31997422209017,2712.12521,1504.8752200000004,2.7499686429592257e-05,1.6357218903334406e-05,25341.842292412246,9.467806200215644,27.499686429592234,16.357218903334388,18375.36935400963
