placeholder,rhocov,rhomev,Env,Pv,Ncov,Nmev,rhocov_s,rhomev_s,Env_s,Pv_s,Ncov_s,Nmev_s,time
1,0.00012163200000000002,0.00012563779999999998,-9667.694655810623,10.44586689747808,121.63200000000002,125.6378,8.474619212684424e-06,8.462193956652142e-06,1563.3022890446725,0.7013108732037253,8.474619212684424,8.462193956652136,508.54406452178955
