placeholder,rhocov,rhomev,Env,Pv,Ncov,Nmev,rhocov_s,rhomev_s,Env_s,Pv_s,Ncov_s,Nmev_s,time
1,0.0007053627999999999,0.0006948988000000001,-284790.014663339,46.27022557830751,705.3628000000001,694.8988,3.6019121590621844e-05,4.5979460485743e-05,32753.94925290132,3.0995317183629822,36.019121590621836,45.97946048574299,68.77929520606995
