placeholder,rhocov,rhomev,Env,Pv,Ncov,Nmev,rhocov_s,rhomev_s,Env_s,Pv_s,Ncov_s,Nmev_s,time
1,0.0006683562000000001,0.0007407214,-281505.44353494665,46.84992389472218,668.3562,740.7214000000001,3.611052920631324e-05,4.303963880006426e-05,26466.173919698474,6.052355832297163,36.11052920631322,43.039638800064296,68.88612747192383
