placeholder,rhocov,rhomev,Env,Pv,Ncov,Nmev,rhocov_s,rhomev_s,Env_s,Pv_s,Ncov_s,Nmev_s,time
1,0.0027210498200000003,0.0014463894400000002,-2791810.9497876335,139.98805932541092,2721.04982,1446.38944,7.263163037382527e-06,8.690420818717604e-06,10128.721967274654,8.83620581038096,7.263163037382538,8.690420818717582,18166.32035112381
