placeholder,rhocov,rhomev,Env,Pv,Ncov,Nmev,rhocov_s,rhomev_s,Env_s,Pv_s,Ncov_s,Nmev_s,time
1,0.0001292818,0.0001360384,-12036.17906290244,11.043060318333202,129.2818,136.0384,8.094546729743429e-06,5.893023454899866e-06,1118.7684525345546,0.7955338010299289,8.094546729743426,5.893023454899869,13.664681911468506
