placeholder,rhocov,rhomev,Env,Pv,Ncov,Nmev,rhocov_s,rhomev_s,Env_s,Pv_s,Ncov_s,Nmev_s,time
1,0.00012526347999999998,0.00012373746,-9859.763295886945,10.364385367314814,125.26348000000002,123.73746000000001,1.0081575665023795e-05,1.0229281604707145e-05,1332.1068852086376,0.7992209197846888,10.081575665023797,10.229281604707145,189.86215162277222
