placeholder,rhocov,rhomev,Env,Pv,Ncov,Nmev,rhocov_s,rhomev_s,Env_s,Pv_s,Ncov_s,Nmev_s,time
1,0.00013251719999999998,0.0001234913,-10959.540387229725,10.526426826646931,132.5172,123.4913,1.1065118388883149e-05,9.22052900922718e-06,1687.4020599068178,0.8002004193723045,11.06511838888315,9.22052900922718,509.1749379634857
