placeholder,rhocov,rhomev,Env,Pv,Ncov,Nmev,rhocov_s,rhomev_s,Env_s,Pv_s,Ncov_s,Nmev_s,time
1,0.0006789279999999999,0.000763596,-292739.204880977,51.439493876478046,678.928,763.5959999999999,4.364717942777056e-05,5.1707218761020236e-05,36914.086961009976,4.92331737198845,43.647179427770595,51.7072187610202,67.24038314819336
