placeholder,rhocov,rhomev,Env,Pv,Ncov,Nmev,rhocov_s,rhomev_s,Env_s,Pv_s,Ncov_s,Nmev_s,time
1,0.00013556119999999999,0.0001247584,-10991.52965577387,10.816131837048356,135.5612,124.75840000000001,5.447775670858701e-06,7.447900727050544e-06,1283.5772484352271,0.2520206050817392,5.447775670858707,7.447900727050543,506.22502613067627
