placeholder,rhocov,rhomev,Env,Pv,Ncov,Nmev,rhocov_s,rhomev_s,Env_s,Pv_s,Ncov_s,Nmev_s,time
1,0.0026397615000000006,0.0014800863500000004,-2701570.9720035265,153.50233965659618,2639.7614999999996,1480.08635,8.162713660909635e-06,1.1160322445498585e-05,19711.378539697012,8.773190231577646,8.162713660909596,11.160322445498606,17819.817710638046
