placeholder,rhocov,rhomev,Env,Pv,Ncov,Nmev,rhocov_s,rhomev_s,Env_s,Pv_s,Ncov_s,Nmev_s,time
1,0.00012614676,0.00012522058,-10471.677366773318,10.505016017492274,126.14675999999999,125.22057999999998,9.55597479603206e-06,1.3932883099473705e-05,2026.3873440868706,0.8695911150623528,9.55597479603206,13.932883099473704,191.64195680618286
