placeholder,rhocov,rhomev,Env,Pv,Ncov,Nmev,rhocov_s,rhomev_s,Env_s,Pv_s,Ncov_s,Nmev_s,time
1,0.0001306948,0.000124697,-11101.27080706471,10.919693370759926,130.69480000000001,124.697,5.476047932587873e-06,9.793085366726874e-06,1415.344486523884,0.7644310844405209,5.476047932587878,9.793085366726872,13.3530113697052
