placeholder,rhocov,rhomev,Env,Pv,Ncov,Nmev,rhocov_s,rhomev_s,Env_s,Pv_s,Ncov_s,Nmev_s,time
1,0.0007040998,0.0006969226000000001,-274460.2131350744,51.454879581925795,704.0998000000001,696.9226000000001,3.425314125682486e-05,5.3265743130458624e-05,32319.100777824675,3.8822827321281737,34.2531412568249,53.265743130458624,65.63685131072998
