placeholder,rhocov,rhomev,Env,Pv,Ncov,Nmev,rhocov_s,rhomev_s,Env_s,Pv_s,Ncov_s,Nmev_s,time
1,0.0001259058,0.00012366804,-10050.20584591439,10.4376898013082,125.90579999999999,123.66803999999998,1.141477710513876e-05,9.910061117793369e-06,1606.2612254487601,0.8516407413557172,11.414777105138759,9.91006111779337,190.70988178253174
