placeholder,rhocov,rhomev,Env,Pv,Ncov,Nmev,rhocov_s,rhomev_s,Env_s,Pv_s,Ncov_s,Nmev_s,time
1,0.0027080954100000003,0.0014587477700000002,-2784555.8109137337,139.3304818466742,2708.0954100000004,1458.74777,1.0292641650319792e-05,1.1278463600025457e-05,22784.869487267573,9.739966529167102,10.292641650319903,11.278463600025496,17748.211473703384
