placeholder,rhocov,rhomev,Env,Pv,Ncov,Nmev,rhocov_s,rhomev_s,Env_s,Pv_s,Ncov_s,Nmev_s,time
1,0.00012580939999999997,0.00011864020000000002,-9788.523746141651,10.19530757605389,125.80940000000001,118.64020000000001,1.0902825397116108e-05,4.4682772922011045e-06,1288.2290273426445,0.7526850501770468,10.902825397116109,4.468277292201101,12.987407922744751
