placeholder,rhocov,rhomev,Env,Pv,Ncov,Nmev,rhocov_s,rhomev_s,Env_s,Pv_s,Ncov_s,Nmev_s,time
1,0.00012559930000000002,0.00011132429999999999,-8803.222478508656,9.91974457006593,125.5993,111.3243,5.76277197275756e-06,1.0050591993012152e-05,1130.5712814328465,0.6888130179305165,5.762771972757555,10.050591993012155,491.7172009944916
