placeholder,rhocov,rhomev,Env,Pv,Ncov,Nmev,rhocov_s,rhomev_s,Env_s,Pv_s,Ncov_s,Nmev_s,time
1,0.0001122962,0.00011063180000000001,-3345.7173827940655,9.71191557032851,112.29620000000001,110.6318,9.455461255803446e-06,7.265298256782031e-06,636.8856023269877,0.5939177894912618,9.455461255803442,7.26529825678203,14.39582872390747
