placeholder,rhocov,rhomev,Env,Pv,Ncov,Nmev,rhocov_s,rhomev_s,Env_s,Pv_s,Ncov_s,Nmev_s,time
1,9.33064e-05,0.0001049901,-9408.42153937064,8.71823423673084,93.30640000000001,104.99010000000001,3.783365729083036e-06,3.901886914045561e-06,1340.9557211321937,0.4060481651530001,3.7833657290830347,3.901886914045559,57.40204381942749
