placeholder,rhocov,rhomev,Env,Pv,Ncov,Nmev,rhocov_s,rhomev_s,Env_s,Pv_s,Ncov_s,Nmev_s,time
1,0.000741194,0.0008528381999999999,-162195.73874168788,60.00262879578849,741.194,852.8381999999999,4.6817019298541446e-05,4.8238573390596845e-05,18185.114231282758,3.036587897749879,46.81701929854142,48.23857339059686,72.80403017997742
