placeholder,rhocov,rhomev,Env,Pv,Ncov,Nmev,rhocov_s,rhomev_s,Env_s,Pv_s,Ncov_s,Nmev_s,time
1,0.00011866329999999999,0.00011293126000000001,-3847.3643244039718,9.919578493339708,118.66329999999999,112.93126,9.538783324407784e-06,1.0012686683023694e-05,738.0790510847559,0.6968850362945146,9.538783324407783,10.012686683023693,184.59861636161804
