placeholder,rhocov,rhomev,Env,Pv,Ncov,Nmev,rhocov_s,rhomev_s,Env_s,Pv_s,Ncov_s,Nmev_s,time
1,0.0014318793799999998,0.0015135072900000002,-581882.3013841526,97.16100103454104,1431.8793799999999,1513.5072899999996,4.5384768646051306e-05,2.071369862448281e-05,24924.40194239488,3.8824531363652266,45.384768646051285,20.713698624482777,14573.421848773956
