placeholder,rhocov,rhomev,Env,Pv,Ncov,Nmev,rhocov_s,rhomev_s,Env_s,Pv_s,Ncov_s,Nmev_s,time
1,0.00012772396,0.00012357617999999998,-10308.559826596253,10.38336153403846,127.72396,123.57618,1.0316938165870725e-05,1.1793675152707913e-05,1572.84383301047,0.7533580344650187,10.316938165870726,11.793675152707912,189.40371179580688
