placeholder,rhocov,rhomev,Env,Pv,Ncov,Nmev,rhocov_s,rhomev_s,Env_s,Pv_s,Ncov_s,Nmev_s,time
1,0.0006885105999999999,0.0007447411999999999,-288383.2195246445,50.88457912492222,688.5106,744.7412,5.025194119275394e-05,4.3487897426295513e-05,32387.333472491136,3.9647101806108527,50.251941192753925,43.48789742629551,62.97441554069519
