placeholder,rhocov,rhomev,Env,Pv,Ncov,Nmev,rhocov_s,rhomev_s,Env_s,Pv_s,Ncov_s,Nmev_s,time
1,0.00012224099999999998,0.0001304325,-9922.761812764156,10.464920263236074,122.24099999999999,130.4325,5.821858277216998e-06,8.028259864379078e-06,1226.4651734869583,0.3966417984290297,5.8218582772169905,8.028259864379079,488.4259111881256
