placeholder,rhocov,rhomev,Env,Pv,Ncov,Nmev,rhocov_s,rhomev_s,Env_s,Pv_s,Ncov_s,Nmev_s,time
1,0.0026724413499999993,0.0014958641299999997,-2802602.6877425564,141.58565380768061,2672.44135,1495.8641299999995,2.2098714529752665e-05,1.8422486038890078e-05,37464.561960295876,10.186891028242883,22.098714529752638,18.422486038890067,17208.095637321472
