placeholder,rhocov,rhomev,Env,Pv,Ncov,Nmev,rhocov_s,rhomev_s,Env_s,Pv_s,Ncov_s,Nmev_s,time
1,0.0001411298,0.0001230026,-11441.065492239499,11.037639023581653,141.1298,123.00259999999999,1.28959330783003e-05,1.2718111779662895e-05,1220.5149891982066,0.6049849885779665,12.895933078300304,12.718111779662891,13.21817398071289
