placeholder,rhocov,rhomev,Env,Pv,Ncov,Nmev,rhocov_s,rhomev_s,Env_s,Pv_s,Ncov_s,Nmev_s,time
1,0.00011506799999999999,0.00010899460000000001,-4101.7160631286815,9.632292100330831,115.068,108.9946,8.583492529268027e-06,8.467953521365122e-06,478.9040838992076,0.4207968771965261,8.583492529268026,8.467953521365125,15.275230646133423
