placeholder,rhocov,rhomev,Env,Pv,Ncov,Nmev,rhocov_s,rhomev_s,Env_s,Pv_s,Ncov_s,Nmev_s,time
1,0.0007168212,0.0007837216,-145913.27822975992,56.862306888189416,716.8212,783.7216000000002,4.69905180069341e-05,5.2935849869818855e-05,17401.324667119054,3.3600848950116404,46.990518006934124,52.93584986981884,69.61471939086914
