placeholder,rhocov,rhomev,Env,Pv,Ncov,Nmev,rhocov_s,rhomev_s,Env_s,Pv_s,Ncov_s,Nmev_s,time
1,0.00011498315999999999,0.00011366284,-3527.266934945284,9.859489825591554,114.98316,113.66284,1.1237050467733958e-05,9.325152220441233e-06,730.1670595877919,0.7998740765592981,11.23705046773396,9.32515222044123,185.0941677093506
