placeholder,rhocov,rhomev,Env,Pv,Ncov,Nmev,rhocov_s,rhomev_s,Env_s,Pv_s,Ncov_s,Nmev_s,time
1,0.00010789950000000001,9.965199999999999e-05,-11727.071538786138,8.679676952556603,107.89950000000002,99.652,9.83455518312852e-06,6.786037076232344e-06,1913.0211211339245,0.35797995883805933,9.83455518312852,6.786037076232344,56.983081579208374
