placeholder,rhocov,rhomev,Env,Pv,Ncov,Nmev,rhocov_s,rhomev_s,Env_s,Pv_s,Ncov_s,Nmev_s,time
1,0.0014282534899999993,0.00143711965,-555346.6056511666,95.19812640251023,1428.25349,1437.1196499999999,3.277895811263533e-05,3.814657800599552e-05,20808.669679112583,4.502657326526293,32.7789581126353,38.1465780059955,14551.758012771606
