placeholder,rhocov,rhomev,Env,Pv,Ncov,Nmev,rhocov_s,rhomev_s,Env_s,Pv_s,Ncov_s,Nmev_s,time
1,0.00011361739999999998,0.00011369480000000001,-3336.7376066127763,9.745825621197978,113.61739999999998,113.6948,9.426818511035416e-06,5.844960304398999e-06,632.5979831435133,0.6833364475249847,9.426818511035416,5.844960304398995,14.888875961303711
