placeholder,rhocov,rhomev,Env,Pv,Ncov,Nmev,rhocov_s,rhomev_s,Env_s,Pv_s,Ncov_s,Nmev_s,time
1,0.00010667130000000002,9.451309999999999e-05,-11925.336268166657,8.558188300076335,106.6713,94.5131,1.0779301489892562e-05,5.100301529321575e-06,3014.4134895249563,0.6457429486605152,10.77930148989256,5.100301529321576,57.059500217437744
