placeholder,rhocov,rhomev,Env,Pv,Ncov,Nmev,rhocov_s,rhomev_s,Env_s,Pv_s,Ncov_s,Nmev_s,time
1,0.0007119298,0.0008071754,-148404.01878590853,62.109387525420935,711.9298,807.1754,3.1283168988451276e-05,7.125707308639615e-05,19528.72395650884,4.436055237605606,31.283168988451283,71.25707308639613,70.44036531448364
