placeholder,rhocov,rhomev,Env,Pv,Ncov,Nmev,rhocov_s,rhomev_s,Env_s,Pv_s,Ncov_s,Nmev_s,time
1,0.0013830054700000002,0.0014641931799999998,-545404.8922899468,91.90085181683189,1383.0054700000003,1464.1931800000002,3.413478729462217e-05,2.0140268324121196e-05,17417.91823141483,3.1123842416490093,34.134787294622186,20.140268324121212,14571.621658086777
