placeholder,rhocov,rhomev,Env,Pv,Ncov,Nmev,rhocov_s,rhomev_s,Env_s,Pv_s,Ncov_s,Nmev_s,time
1,0.00011671958,0.00011745245999999999,-3901.5217982885606,10.078174286418296,116.71958000000001,117.45245999999999,1.061375843062202e-05,1.0208124026891523e-05,809.1455656498999,0.7277066521971085,10.613758430622019,10.208124026891523,185.75023126602173
