placeholder,rhocov,rhomev,Env,Pv,Ncov,Nmev,rhocov_s,rhomev_s,Env_s,Pv_s,Ncov_s,Nmev_s,time
1,0.00011506469999999999,0.00011817774,-3817.4166083563987,10.034697480332168,115.06470000000002,118.17774,9.175326942948683e-06,1.2391329335160131e-05,750.9057969535874,0.7398545207074575,9.175326942948681,12.39132933516013,189.9045512676239
