placeholder,rhocov,rhomev,Env,Pv,Ncov,Nmev,rhocov_s,rhomev_s,Env_s,Pv_s,Ncov_s,Nmev_s,time
1,0.0007578134,0.0007750678000000001,-146031.38254994634,59.34854152308538,757.8134000000001,775.0678,5.197633529251553e-05,4.319791283337659e-05,21949.58732603793,1.5137907570186055,51.97633529251558,43.19791283337657,70.56215000152588
