placeholder,rhocov,rhomev,Env,Pv,Ncov,Nmev,rhocov_s,rhomev_s,Env_s,Pv_s,Ncov_s,Nmev_s,time
1,0.00135446245,0.0014777578499999998,-527455.2478481899,95.83950940835595,1354.46245,1477.7578499999997,3.8047325293737805e-05,3.058408245554375e-05,13188.489334796679,3.258486430125016,38.047325293737806,30.584082455543772,14454.604954242706
