placeholder,rhocov,rhomev,Env,Pv,Ncov,Nmev,rhocov_s,rhomev_s,Env_s,Pv_s,Ncov_s,Nmev_s,time
1,0.0001042327,0.0001002129,-11832.893001142289,8.701391125103218,104.2327,100.21289999999999,7.47307270204165e-06,7.764448524525105e-06,1868.1179815790824,0.459639209706617,7.473072702041643,7.764448524525098,59.45630168914795
