placeholder,rhocov,rhomev,Env,Pv,Ncov,Nmev,rhocov_s,rhomev_s,Env_s,Pv_s,Ncov_s,Nmev_s,time
1,0.00012984379999999998,0.00011471059999999998,-4348.389455993168,10.545114453056344,129.84380000000002,114.7106,5.099642297259677e-06,9.674481776302023e-06,719.0556363442744,0.8060339698732881,5.099642297259682,9.674481776302025,14.706833839416504
