placeholder,rhocov,rhomev,Env,Pv,Ncov,Nmev,rhocov_s,rhomev_s,Env_s,Pv_s,Ncov_s,Nmev_s,time
1,0.0013847757399999998,0.00145702965,-541368.9111984818,93.88302624101267,1384.7757400000003,1457.02965,3.2561994457839964e-05,3.6313737134967245e-05,21902.40372954629,4.26896411681687,32.56199445783996,36.313737134967255,14251.36234498024
