placeholder,rhocov,rhomev,Env,Pv,Ncov,Nmev,rhocov_s,rhomev_s,Env_s,Pv_s,Ncov_s,Nmev_s,time
1,9.82039e-05,9.63585e-05,-9322.731830049712,8.445831084347704,98.2039,96.3585,6.166310087078003e-06,6.301435681652234e-06,1589.6450697712985,0.5460327061984479,6.166310087078009,6.301435681652238,64.26859402656555
