placeholder,rhocov,rhomev,Env,Pv,Ncov,Nmev,rhocov_s,rhomev_s,Env_s,Pv_s,Ncov_s,Nmev_s,time
1,0.0001084936,0.00012735800000000002,-3753.856700002029,10.051329388777704,108.4936,127.35799999999999,4.569445813225055e-06,9.944325014801158e-06,682.8724411495991,0.6141096879189499,4.569445813225055,9.944325014801155,16.122095823287964
