placeholder,rhocov,rhomev,Env,Pv,Ncov,Nmev,rhocov_s,rhomev_s,Env_s,Pv_s,Ncov_s,Nmev_s,time
1,0.0006970470000000001,0.0008091241999999999,-142733.96274536106,57.129026239931676,697.047,809.1241999999999,3.7136051338288484e-05,4.578393958977319e-05,15716.427892946314,2.6132834759787613,37.13605133828851,45.783939589773176,72.12295889854431
