placeholder,rhocov,rhomev,Env,Pv,Ncov,Nmev,rhocov_s,rhomev_s,Env_s,Pv_s,Ncov_s,Nmev_s,time
1,0.00011342804,0.00011451249999999998,-3543.4397899938795,9.758966763987928,113.42804000000001,114.5125,1.1148502920051643e-05,1.2592721673649426e-05,737.3349517577102,0.7518046380890154,11.148502920051643,12.592721673649427,185.92489290237427
