placeholder,rhocov,rhomev,Env,Pv,Ncov,Nmev,rhocov_s,rhomev_s,Env_s,Pv_s,Ncov_s,Nmev_s,time
1,0.00011601626000000001,0.00011628562,-3613.309184549868,9.9973091277848,116.01625999999999,116.28562,1.0233625409032715e-05,1.0150823681632934e-05,821.9688793408548,0.7481377043168981,10.233625409032715,10.150823681632934,185.2058343887329
