placeholder,rhocov,rhomev,Env,Pv,Ncov,Nmev,rhocov_s,rhomev_s,Env_s,Pv_s,Ncov_s,Nmev_s,time
1,9.464810000000001e-05,9.72356e-05,-9268.937358968504,8.077491046201093,94.6481,97.23559999999999,8.745662758762198e-06,4.235295177434505e-06,1213.7831297317196,0.5058860084702635,8.745662758762196,4.235295177434509,62.804977893829346
