placeholder,rhocov,rhomev,Env,Pv,Ncov,Nmev,rhocov_s,rhomev_s,Env_s,Pv_s,Ncov_s,Nmev_s,time
1,0.0007475954,0.0007653790000000001,-145038.10355312988,60.10642794286202,747.5953999999999,765.3789999999999,3.551423130014219e-05,3.777507624082307e-05,13747.91261073777,2.2504746764228467,35.5142313001422,37.77507624082314,73.04276275634766
