placeholder,rhocov,rhomev,Env,Pv,Ncov,Nmev,rhocov_s,rhomev_s,Env_s,Pv_s,Ncov_s,Nmev_s,time
1,0.0001124982,0.0001190198,-3377.3077468849906,9.912131575498869,112.4982,119.01979999999999,6.920584567794835e-06,5.420085050993205e-06,565.1020423395253,0.4883481031437464,6.920584567794834,5.420085050993203,16.252023935317993
