placeholder,rhocov,rhomev,Env,Pv,Ncov,Nmev,rhocov_s,rhomev_s,Env_s,Pv_s,Ncov_s,Nmev_s,time
1,0.0013742732899999998,0.0014718452099999999,-539655.5227938719,93.97653615292298,1374.27329,1471.8452099999997,2.032143188621068e-05,1.8895245504779756e-05,7731.027887307383,4.5601294094036815,20.321431886210668,18.895245504779762,14314.128655433655
