placeholder,rhocov,rhomev,Env,Pv,Ncov,Nmev,rhocov_s,rhomev_s,Env_s,Pv_s,Ncov_s,Nmev_s,time
1,0.00023392860000000002,0.00023714831999999998,-1913.5409419242126,19.731946779316402,29.241075000000002,29.643539999999998,1.0735550794998828e-05,9.872498813329886e-06,161.03666199847552,0.648296149847893,1.3419438493748534,1.234062351666236,1316.6709849834442
