placeholder,rhocov,rhomev,Env,Pv,Ncov,Nmev,rhocov_s,rhomev_s,Env_s,Pv_s,Ncov_s,Nmev_s,time
1,0.00024453999592916753,0.0002461047221656829,-692.0364270165286,20.256464423449003,9.611400000000001,9.672899999999998,7.758184006947666e-05,6.456138203548294e-05,378.6219690745495,4.775172957399894,3.0492766420907107,2.537520559522622,4.820787191390991
