placeholder,rhocov,rhomev,Env,Pv,Ncov,Nmev,rhocov_s,rhomev_s,Env_s,Pv_s,Ncov_s,Nmev_s,time
1,0.0002503460207612456,0.0002479213311622227,-684.937543310001,20.851514967141387,9.839599999999999,9.7443,7.501047308656964e-05,7.198875361975619e-05,358.51708707513427,4.676413050466304,2.948211634194533,2.8294459722708964,5.247280120849609
