yc0,P0,ycf,Pf,rhoco,rhome
0.5,200,0.5187878292097974,7484.854715914336,0.0016415116552734377,0.0015226174218750002
