placeholder,rhocov,rhomev,Env,Pv,Ncov,Nmev,rhocov_s,rhomev_s,Env_s,Pv_s,Ncov_s,Nmev_s,time
1,0.009371389680439652,0.0023870812131080803,-378977.31796281855,417.7680252045677,368.33310000000006,93.82184,0.0001986555806697305,0.0001613283586539571,12843.768689211853,77.7391253153682,7.807958942643076,6.340849808535131,2169.459843635559
