placeholder,rhocov,rhomev,Env,Pv,Ncov,Nmev,rhocov_s,rhomev_s,Env_s,Pv_s,Ncov_s,Nmev_s,time
1,0.0007051806431915328,0.0025443372175859963,-21643.448807550325,171.71235803002583,27.71642,100.00263,0.00014225425661195762,0.00022015867831382858,3504.594552090098,19.768419863274136,5.591161301876381,8.653116692446716,625.1947100162506
