yc0,P0,ycf,Pf,rhoco,rhome
0.5,100,0.502003528287298,1219.5561947054575,0.00142973498828125,0.0014183226601562498
