placeholder,rhocov,rhomev,Env,Pv,Ncov,Nmev,rhocov_s,rhomev_s,Env_s,Pv_s,Ncov_s,Nmev_s,time
1,4.7056533686138825e-05,0.0004128941074699776,-446.8396300118178,19.647264105228995,1.8495100000000002,16.22839,1.3931694470395244e-05,4.604312112773047e-05,116.60524371272776,2.164619017685484,0.5475713194644146,1.8096788328043183,97.51218366622925
