placeholder,rhocov,rhomev,Env,Pv,Ncov,Nmev,rhocov_s,rhomev_s,Env_s,Pv_s,Ncov_s,Nmev_s,time
1,0.0027051218705475273,0.001293689191939752,-45277.499017281094,110.6607722702983,106.32211000000001,50.84716,0.0002945371633834364,0.00016929689761672608,7861.181287484691,20.00999705868509,11.576488669622583,6.6540452639278005,748.9860427379608
