placeholder,rhocov,rhomev,Env,Pv,Ncov,Nmev,rhocov_s,rhomev_s,Env_s,Pv_s,Ncov_s,Nmev_s,time
1,0.004146663698351313,0.0006415525137390597,-73018.88562005374,105.8999279941423,162.98047000000003,25.21558,0.0007349223357543623,0.00015269860283182547,22576.80382806321,25.368724473293447,28.885387484489453,6.001665885702069,845.8104028701782
