placeholder,rhocov,rhomev,Env,Pv,Ncov,Nmev,rhocov_s,rhomev_s,Env_s,Pv_s,Ncov_s,Nmev_s,time
1,0.00033788927335640144,0.002884985497659272,-21441.49644819754,122.9019867126687,13.2804,113.39147000000001,9.202683641548013e-05,0.0002888960157239489,4449.113429784598,15.860058584575386,3.6170227784740314,11.354769002014088,586.113290309906
