placeholder,rhocov,rhomev,Env,Pv,Ncov,Nmev,rhocov_s,rhomev_s,Env_s,Pv_s,Ncov_s,Nmev_s,time
1,0.0011301417158558927,0.0025612983411357625,-31703.807947096462,128.55585112616785,44.41908999999999,100.66927000000001,0.00019407270612322618,0.00026220976480371847,7869.6420986003895,19.33706692179791,7.627833641467281,10.30589259584535,695.6595637798309
