placeholder,rhocov,rhomev,Env,Pv,Ncov,Nmev,rhocov_s,rhomev_s,Env_s,Pv_s,Ncov_s,Nmev_s,time
1,0.0030013749236718905,0.0015061347445552617,-56605.88574880802,122.42700288023094,117.96603999999998,59.197119999999984,0.0004899994699258738,0.00018042636634385298,13762.641503996478,24.71737021295612,19.25893916596654,7.0914779027787995,879.8832967281342
