placeholder,rhocov,rhomev,Env,Pv,Ncov,Nmev,rhocov_s,rhomev_s,Env_s,Pv_s,Ncov_s,Nmev_s,time
1,0.003593361998778751,0.0011421893445959699,-66584.3000823291,117.18677342614254,141.23350000000002,44.892610000000005,0.0004218439503621234,0.0001644682780694927,15043.085873097903,29.298907258283787,16.580154625032904,6.464261201243341,965.8095598220825
