placeholder,rhocov,rhomev,Env,Pv,Ncov,Nmev,rhocov_s,rhomev_s,Env_s,Pv_s,Ncov_s,Nmev_s,time
1,0.0003657559027071036,0.0031627310197435378,-25426.833670171276,132.09423443385455,14.37567,124.30798,8.500768117170893e-05,0.0002651224890585293,4026.311011616827,19.411774439842553,3.3411419007728482,10.420374309956433,629.4031465053558
