placeholder,rhocov,rhomev,Env,Pv,Ncov,Nmev,rhocov_s,rhomev_s,Env_s,Pv_s,Ncov_s,Nmev_s,time
1,0.00076903724811724,0.0029689367494402613,-30306.80005618936,134.66024174210762,30.226240000000004,116.69108999999999,0.0001400306244038349,0.00022243841841999444,4841.151447044305,16.381660682586634,5.5037636615683265,8.74271959757946,690.5647189617157
