placeholder,rhocov,rhomev,Env,Pv,Ncov,Nmev,rhocov_s,rhomev_s,Env_s,Pv_s,Ncov_s,Nmev_s,time
1,0.00014786179523712601,0.0003289191939751679,-555.2002877329015,20.09928549290651,5.811560000000001,12.927840000000002,2.5437352205502753e-05,3.704822735829819e-05,141.58193327575202,2.107153045508832,0.9997896910850803,1.4561435280905521,108.1698546409607
