placeholder,rhocov,rhomev,Env,Pv,Ncov,Nmev,rhocov_s,rhomev_s,Env_s,Pv_s,Ncov_s,Nmev_s,time
1,0.0034350348565031557,0.0017281531141868514,-74545.07664474953,132.59444739066265,135.01060999999999,67.92333,0.0004513533608791303,0.0002126374634328183,14038.125101171401,32.40191429592765,17.739992495993338,8.357502862763495,995.5629007816315
