placeholder,rhocov,rhomev,Env,Pv,Ncov,Nmev,rhocov_s,rhomev_s,Env_s,Pv_s,Ncov_s,Nmev_s,time
1,0.005905324648890697,0.0008309406167311216,-139132.44345788422,124.70895242547687,232.10287999999994,32.65929,0.0007919191956080214,0.0001399930464558609,34191.63099276421,42.484604996042314,31.12559206417767,5.502286697901155,1298.2899007797241
