placeholder,rhocov,rhomev,Env,Pv,Ncov,Nmev,rhocov_s,rhomev_s,Env_s,Pv_s,Ncov_s,Nmev_s,time
1,0.0008046997761042131,0.0031347748320781597,-33757.29873934206,138.33174729605201,31.627920000000003,123.20919000000002,0.00015280761153820113,0.00028949568094741615,6255.093845267657,17.992613364039812,6.005950363897457,11.378338243957241,754.2694532871246
