placeholder,rhocov,rhomev,Env,Pv,Ncov,Nmev,rhocov_s,rhomev_s,Env_s,Pv_s,Ncov_s,Nmev_s,time
1,0.0029649653979238757,0.0021922766130673724,-70461.20599490881,141.00087740582754,116.535,86.16524,0.0004026837563846095,0.0002116267650673076,14907.834135412406,28.034152978162858,15.827082360940693,8.317778374205458,1021.4257414340973
