placeholder,rhocov,rhomev,Env,Pv,Ncov,Nmev,rhocov_s,rhomev_s,Env_s,Pv_s,Ncov_s,Nmev_s,time
1,0.004001906167311216,0.001925031803378791,-97099.26799365772,142.96981880358905,157.29092,75.66145,0.000401070492956334,0.00020313110846237445,14832.708273378623,32.053203843928905,15.763674655155757,7.983865087005167,1082.5824666023254
