placeholder,rhocov,rhomev,Env,Pv,Ncov,Nmev,rhocov_s,rhomev_s,Env_s,Pv_s,Ncov_s,Nmev_s,time
1,0.005554054294728272,0.0016238543150824344,-147797.37013352616,137.33464923714115,218.29655,63.82397,0.00035512845703824006,0.00020857987488731144,15279.365372943032,45.275125841387435,13.957968875430979,8.19802340257089,1276.9307272434235
