placeholder,rhocov,rhomev,Env,Pv,Ncov,Nmev,rhocov_s,rhomev_s,Env_s,Pv_s,Ncov_s,Nmev_s,time
1,0.009064903826582536,0.0009846834927742722,-295771.2132994992,138.46593685249545,356.28697999999997,38.702000000000005,0.0003293819831422498,0.00016965564171197113,20889.059009819382,69.37535629250895,12.946029465422978,6.668145341847311,1577.618379831314
