placeholder,rhocov,rhomev,Env,Pv,Ncov,Nmev,rhocov_s,rhomev_s,Env_s,Pv_s,Ncov_s,Nmev_s,time
1,0.0008760423875432528,0.003356958579279463,-38576.0449923274,152.8933572181096,34.43197,131.9419,0.0001508339196302099,0.0002491017982092754,6079.735567257277,24.521693181417145,5.92837637714577,9.790697076817361,800.2340626716614
