placeholder,rhocov,rhomev,Env,Pv,Ncov,Nmev,rhocov_s,rhomev_s,Env_s,Pv_s,Ncov_s,Nmev_s,time
1,0.00023835462039487076,0.00023763611846122537,-624.5459417661308,19.936709946945268,9.368289999999998,9.340050000000002,3.601531208373604e-05,3.116091901513841e-05,146.47947069408357,2.0643741518744605,1.4155458261391611,1.2247487609710002,110.94805216789246
