placeholder,rhocov,rhomev,Env,Pv,Ncov,Nmev,rhocov_s,rhomev_s,Env_s,Pv_s,Ncov_s,Nmev_s,time
1,0.0025529040301241605,0.0026236472114797476,-68042.55274593014,145.58707221148342,100.33933999999999,103.11983000000001,0.00043082403992217945,0.00034275638800828446,20071.13945611612,30.477696938328684,16.933108065101337,13.471697074277614,1035.8370652198792
