placeholder,rhocov,rhomev,Env,Pv,Ncov,Nmev,rhocov_s,rhomev_s,Env_s,Pv_s,Ncov_s,Nmev_s,time
1,0.00360926292489314,0.002457052717280684,-97717.96279483927,154.40096418096473,141.85847000000004,96.572,0.0005255045225829957,0.00024308776060254325,22185.044249195027,36.68702513664242,20.654429755602063,9.55432134272236,1129.5074269771576
