placeholder,rhocov,rhomev,Env,Pv,Ncov,Nmev,rhocov_s,rhomev_s,Env_s,Pv_s,Ncov_s,Nmev_s,time
1,0.0041475310400977,0.0020384703846936703,-106349.69656935325,148.8395122728419,163.01456,80.12003999999999,0.0008408867155917199,0.00016548487695559986,32694.820142214096,35.37472729830487,33.050211469616954,6.504217603862896,1204.281189441681
