placeholder,rhocov,rhomev,Env,Pv,Ncov,Nmev,rhocov_s,rhomev_s,Env_s,Pv_s,Ncov_s,Nmev_s,time
1,0.008307897669448401,0.0011908128943618971,-261935.29437363724,150.19696842079037,326.53361000000007,46.80371,0.00040991891126821394,7.911368781444254e-05,21036.047598679408,67.00277257476492,16.111452888485882,3.109484385858852,1587.8811044692993
