placeholder,rhocov,rhomev,Env,Pv,Ncov,Nmev,rhocov_s,rhomev_s,Env_s,Pv_s,Ncov_s,Nmev_s,time
1,0.0020134708935477304,0.0031566748931406473,-64041.185095098524,158.6229222837418,79.13745999999998,124.06995,0.00021598501666474684,0.0003379866638402272,10595.521385393507,26.243791309503354,8.489075094991207,13.28422783557629,1051.6564712524414
