placeholder,rhocov,rhomev,Env,Pv,Ncov,Nmev,rhocov_s,rhomev_s,Env_s,Pv_s,Ncov_s,Nmev_s,time
1,0.002740781090983106,0.0029948755851821694,-82224.15503155967,165.65988314085288,107.72365999999998,117.71059,0.000265297750162493,0.00032512629163886184,14460.060168666876,37.49366064930248,10.427262772386625,12.778763766573823,1106.7737002372742
