placeholder,rhocov,rhomev,Env,Pv,Ncov,Nmev,rhocov_s,rhomev_s,Env_s,Pv_s,Ncov_s,Nmev_s,time
1,0.0002830699165479341,0.00019144539995929175,-645.2516199241461,19.85580738255139,11.125779999999999,7.524570000000001,3.317828948825102e-05,3.031302606176387e-05,152.09365585167382,1.9046765115843831,1.304039490046218,1.191423176331567,105.22395086288452
