placeholder,rhocov,rhomev,Env,Pv,Ncov,Nmev,rhocov_s,rhomev_s,Env_s,Pv_s,Ncov_s,Nmev_s,time
1,0.003774503612863831,0.0025864359861591697,-106341.63547836665,166.47906227061733,148.35309,101.65728000000001,0.0003709109091920821,0.0001729985154259819,14215.910162579987,35.70466299780453,14.578282374885594,6.799533650302791,1194.127524137497
