placeholder,rhocov,rhomev,Env,Pv,Ncov,Nmev,rhocov_s,rhomev_s,Env_s,Pv_s,Ncov_s,Nmev_s,time
1,0.006820166395277835,0.0019108859149196014,-213394.3314482973,151.00288394913605,268.05982,75.10546000000001,0.00033151035014918203,0.00011642280414363714,16397.302417793395,66.04901162846565,13.029682802263451,4.575881894061515,1470.9834430217743
