placeholder,rhocov,rhomev,Env,Pv,Ncov,Nmev,rhocov_s,rhomev_s,Env_s,Pv_s,Ncov_s,Nmev_s,time
1,0.008074187614492164,0.000939315845715449,-239360.00081126564,151.0180282078445,317.34787,36.91887,0.0006120248436135789,0.00013425637376582685,35601.573403267146,72.24563045181127,24.055024453388107,5.276812514492058,1671.9530425071716
