placeholder,rhocov,rhomev,Env,Pv,Ncov,Nmev,rhocov_s,rhomev_s,Env_s,Pv_s,Ncov_s,Nmev_s,time
1,0.0012013540606554043,0.004006200386729086,-59370.11873127386,172.09246781708325,47.21802000000002,157.4597,0.0002139905116158757,0.0003213175387278216,11289.811731691048,28.71490822883711,8.410683068550378,12.629064542158298,919.6294672489166
