placeholder,rhocov,rhomev,Env,Pv,Ncov,Nmev,rhocov_s,rhomev_s,Env_s,Pv_s,Ncov_s,Nmev_s,time
1,0.003232805566863424,0.003284631589660085,-106631.27933865148,179.45033411236216,127.06218999999999,129.09915999999998,0.0003379874106040206,0.000299345310047303,14143.812161559637,36.774018122091746,13.284257186380424,11.765468066099197,1205.4626841545105
