placeholder,rhocov,rhomev,Env,Pv,Ncov,Nmev,rhocov_s,rhomev_s,Env_s,Pv_s,Ncov_s,Nmev_s,time
1,0.0037680383675961736,0.0027259675859963367,-108950.66716312525,169.6834782233358,148.09897999999998,107.14143000000001,0.00042830709109089617,0.00018515191192330937,16410.083992915144,44.17845968707289,16.834181908236584,7.277210746233751,1353.0850701332092
