placeholder,rhocov,rhomev,Env,Pv,Ncov,Nmev,rhocov_s,rhomev_s,Env_s,Pv_s,Ncov_s,Nmev_s,time
1,0.00032768776714838183,0.00014957434357826176,-696.0795854964275,19.78406543175247,12.879440000000002,5.878870000000001,3.6856708724606746e-05,2.8865144690546022e-05,195.0428388055061,2.042142465134633,1.4486160797119436,1.1345156469172206,104.33314061164856
