placeholder,rhocov,rhomev,Env,Pv,Ncov,Nmev,rhocov_s,rhomev_s,Env_s,Pv_s,Ncov_s,Nmev_s,time
1,0.004976668278037858,0.002465041217178913,-148915.41349304197,180.09762257179395,195.60296999999994,96.88598000000002,0.0004039572882976571,0.00023834840561474775,20804.33038414584,55.33611922328025,15.877137259251116,9.368045734282045,1457.4687526226044
