placeholder,rhocov,rhomev,Env,Pv,Ncov,Nmev,rhocov_s,rhomev_s,Env_s,Pv_s,Ncov_s,Nmev_s,time
1,0.00769458731935681,0.0018662568695298188,-258426.59878104675,187.27840232760926,302.42806,73.35135999999999,0.0007696508825497668,0.0001174085775899133,42908.9386562874,84.40620774556194,30.25035828773603,4.614626733593954,1621.7210273742676
