placeholder,rhocov,rhomev,Env,Pv,Ncov,Nmev,rhocov_s,rhomev_s,Env_s,Pv_s,Ncov_s,Nmev_s,time
1,0.009000217789537962,0.0010590499694687564,-295460.75137776876,201.76011360745824,353.74456000000004,41.6249,0.0003930024257050385,0.00013735553433186356,25316.443961834346,75.72475949764899,15.446567339910832,5.398621921379567,1683.0194492340088
