placeholder,rhocov,rhomev,Env,Pv,Ncov,Nmev,rhocov_s,rhomev_s,Env_s,Pv_s,Ncov_s,Nmev_s,time
1,0.0023253284652961534,0.00348488321799308,-80400.44484767149,182.89993340434998,91.39470999999998,136.96984999999998,0.00028964827808981744,0.0002731630489120043,12877.658609145163,35.51743172039485,11.384335922042181,10.736400474437417,1160.5784051418304
