placeholder,rhocov,rhomev,Env,Pv,Ncov,Nmev,rhocov_s,rhomev_s,Env_s,Pv_s,Ncov_s,Nmev_s,time
1,0.003999104671280277,0.003380430744962345,-138608.2663560601,188.0502079487533,157.18081,132.86444999999998,0.0002719654435073943,0.00016275127769027132,11822.49438055665,43.2531169034017,10.689329791614625,6.396776218338422,1290.78164935112
