placeholder,rhocov,rhomev,Env,Pv,Ncov,Nmev,rhocov_s,rhomev_s,Env_s,Pv_s,Ncov_s,Nmev_s,time
1,0.006916363220028496,0.002079129096275188,-225645.24819120488,189.96443111219662,271.84074000000004,81.71808999999999,0.00027038325798002993,0.0002105943996411386,16142.899587732858,58.3751515132988,10.627143571647087,8.277202283495312,1644.434000492096
