placeholder,rhocov,rhomev,Env,Pv,Ncov,Nmev,rhocov_s,rhomev_s,Env_s,Pv_s,Ncov_s,Nmev_s,time
1,0.0019613591491960108,0.004170159271320984,-85563.8081518531,194.6180085879388,77.08926000000001,163.90393999999998,0.00023769179126738606,0.00031828010599338697,12544.76550786289,34.710782524862715,9.342238163973342,12.509681285964083,1154.2022635936737
