placeholder,rhocov,rhomev,Env,Pv,Ncov,Nmev,rhocov_s,rhomev_s,Env_s,Pv_s,Ncov_s,Nmev_s,time
1,0.0004308805719519641,5.0829177691837987e-05,-783.5108542503659,19.756998195896333,16.935329999999997,1.99779,4.970398256272859e-05,1.7386437608393125e-05,216.8561803587937,2.2537854107081,1.9535653306454843,0.6833565437602833,97.71341156959534
