placeholder,rhocov,rhomev,Env,Pv,Ncov,Nmev,rhocov_s,rhomev_s,Env_s,Pv_s,Ncov_s,Nmev_s,time
1,0.009332102584978628,0.0010562695908813355,-314360.38075778284,159.18650382019842,366.78896000000003,41.51562,0.0003370974947865564,0.00013062461447099614,19318.90452014832,70.22956691682403,13.249279935090811,5.134069847168034,1855.2580115795135
