placeholder,rhocov,rhomev,Env,Pv,Ncov,Nmev,rhocov_s,rhomev_s,Env_s,Pv_s,Ncov_s,Nmev_s,time
1,0.00021753231223285165,2.7161103195603507e-05,-204.43300678344468,9.870778148913955,8.54989,1.0675399999999997,2.3691662512770336e-05,1.1717123815129918e-05,57.61762767227512,1.1594443142358108,0.9311771034019253,0.4605298344298662,54.679258584976196
