placeholder,rhocov,rhomev,Env,Pv,Ncov,Nmev,rhocov_s,rhomev_s,Env_s,Pv_s,Ncov_s,Nmev_s,time
1,6.645964787299003e-05,0.0006384861591695502,-1059.9109850501475,29.484679968710857,2.61213,25.09506,2.0626262250424e-05,7.588801988335141e-05,275.3869471818193,3.3886330426212474,0.8106946114906648,2.982702733495244,136.16805481910706
