placeholder,rhocov,rhomev,Env,Pv,Ncov,Nmev,rhocov_s,rhomev_s,Env_s,Pv_s,Ncov_s,Nmev_s,time
1,0.00014684943008345206,0.0003455297170771423,-590.7674871830869,19.589369951611033,5.77177,13.5807,2.6611502783694595e-05,4.343540623619041e-05,147.45240887748508,2.153153080610006,1.0459385054103323,1.7071852067072275,108.33277559280396
