placeholder,rhocov,rhomev,Env,Pv,Ncov,Nmev,rhocov_s,rhomev_s,Env_s,Pv_s,Ncov_s,Nmev_s,time
1,0.00020120064115611638,0.0002895669651943823,-631.1867510741715,19.567202816087597,7.90799,11.381140000000002,3.3430208520271786e-05,3.307978843584551e-05,170.89350222652817,1.9752682462794333,1.3139409156807622,1.3001680046824717,109.91898941993713
