placeholder,rhocov,rhomev,Env,Pv,Ncov,Nmev,rhocov_s,rhomev_s,Env_s,Pv_s,Ncov_s,Nmev_s,time
1,0.0003501307754935885,0.00015199877875025444,-793.3616845520708,19.803137623912242,13.761540000000004,5.97416,4.435716052791475e-05,2.9298521167926218e-05,220.39103781467492,2.168112403892275,1.7434138373891612,1.1515490759841718,109.6885633468628
