placeholder,rhocov,rhomev,Env,Pv,Ncov,Nmev,rhocov_s,rhomev_s,Env_s,Pv_s,Ncov_s,Nmev_s,time
1,0.00040407821086912277,0.00010625483411357623,-848.142471686784,19.839246233674604,15.88189,4.17624,4.433123841845171e-05,2.2841291789344603e-05,234.53884994243208,2.0959608502385394,1.7423949947988255,0.8977541324884001,108.13030767440796
