placeholder,rhocov,rhomev,Env,Pv,Ncov,Nmev,rhocov_s,rhomev_s,Env_s,Pv_s,Ncov_s,Nmev_s,time
1,0.0004563606757581926,5.266588642377367e-05,-903.6030967452971,19.727476622037674,17.936799999999995,2.06998,5.264389531191238e-05,1.5143410488426027e-05,237.4107233130276,2.081704737054667,2.0691156613394046,0.5951966058370965,101.3913562297821
