placeholder,rhocov,rhomev,Env,Pv,Ncov,Nmev,rhocov_s,rhomev_s,Env_s,Pv_s,Ncov_s,Nmev_s,time
1,7.497761042133117e-05,0.0006694751170364339,-1206.0891949146448,29.437691654075042,2.9469199999999995,26.313050000000004,2.293904417094664e-05,7.824185171615936e-05,329.9411323443612,3.1031011021786963,0.901596192094887,3.0752177398519276,144.52055525779724
