placeholder,rhocov,rhomev,Env,Pv,Ncov,Nmev,rhocov_s,rhomev_s,Env_s,Pv_s,Ncov_s,Nmev_s,time
1,4.487558518216976e-05,0.00018491273152859762,-116.15524901693632,9.972531770498898,1.7637900000000002,7.267810000000001,1.0357012406341805e-05,2.119070474775446e-05,31.98449358383461,0.9110204739528637,0.4070720156188583,0.8328794594057414,58.19563055038452
