placeholder,rhocov,rhomev,Env,Pv,Ncov,Nmev,rhocov_s,rhomev_s,Env_s,Pv_s,Ncov_s,Nmev_s,time
1,0.0002971061469570527,0.0004569870751068594,-1472.4043890264668,29.34608783668277,11.677460000000004,17.961420000000004,4.771659544833327e-05,6.066062139335311e-05,437.6133270811142,3.4288628883794723,1.8754530675012906,2.3842050632443508,162.2028443813324
