placeholder,rhocov,rhomev,Env,Pv,Ncov,Nmev,rhocov_s,rhomev_s,Env_s,Pv_s,Ncov_s,Nmev_s,time
1,0.00039513408304498273,0.0003934133930388764,-1723.940658617662,30.49733747551817,15.530349999999999,15.462720000000001,6.194036314791592e-05,5.2726278931248626e-05,476.60146856447324,3.4837257674236595,2.434504033165688,2.0723536671137963,164.8289806842804
