placeholder,rhocov,rhomev,Env,Pv,Ncov,Nmev,rhocov_s,rhomev_s,Env_s,Pv_s,Ncov_s,Nmev_s,time
1,0.0006124778648483615,0.0004261823224099329,-3091.6344251164037,38.51784428427249,24.07283,16.75067,8.50177243461552e-05,5.905670292774238e-05,848.9659612691969,4.643527042385288,3.341536637701284,2.321164651871986,217.0946695804596
