placeholder,rhocov,rhomev,Env,Pv,Ncov,Nmev,rhocov_s,rhomev_s,Env_s,Pv_s,Ncov_s,Nmev_s,time
1,0.0007321150519031143,0.00033141156116425806,-3473.8259122399554,39.24497953854659,28.775049999999993,13.025799999999997,0.00012031287944263625,5.403825931830024e-05,1146.2508533080547,5.531291285115861,4.728777413613375,2.1239197442464723,216.97174859046936
