placeholder,rhocov,rhomev,Env,Pv,Ncov,Nmev,rhocov_s,rhomev_s,Env_s,Pv_s,Ncov_s,Nmev_s,time
1,0.000287215041726033,0.0004341387645023407,-1336.934575560699,29.76585595513179,11.288699999999999,17.063390000000002,5.498134753072241e-05,5.6333734980905975e-05,388.41735024999775,3.5880490407897065,2.160986883347513,2.2141411196895286,152.71304416656494
