placeholder,rhocov,rhomev,Env,Pv,Ncov,Nmev,rhocov_s,rhomev_s,Env_s,Pv_s,Ncov_s,Nmev_s,time
1,0.0007924254528801141,0.0005631925503765521,-5359.437270576301,48.026585679785356,31.14549,22.135720000000003,0.00011459187956414334,9.56229092365972e-05,1425.9770600298066,6.123364975812564,4.503919234389089,3.7583628246352156,277.2734589576721
