placeholder,rhocov,rhomev,Env,Pv,Ncov,Nmev,rhocov_s,rhomev_s,Env_s,Pv_s,Ncov_s,Nmev_s,time
1,0.00016247074089151232,0.0013558192550376551,-4911.126642600923,57.84573704560123,6.385749999999999,53.28912,4.975844534513439e-05,0.00014380028359560194,1141.581504411528,7.192691139103428,1.9557059358451618,5.651926346441539,281.56010818481445
