placeholder,rhocov,rhomev,Env,Pv,Ncov,Nmev,rhocov_s,rhomev_s,Env_s,Pv_s,Ncov_s,Nmev_s,time
1,0.00031156981477712195,0.0012450714939955224,-5544.66733753322,57.82064032334998,12.245940000000001,48.93629,6.833462222862663e-05,0.00012979967736376387,1265.156432864276,7.007310801558153,2.685823992073941,5.101646519105375,300.2440228462219
