placeholder,rhocov,rhomev,Env,Pv,Ncov,Nmev,rhocov_s,rhomev_s,Env_s,Pv_s,Ncov_s,Nmev_s,time
1,0.0004754661103195603,0.001114217382454712,-6091.6038870708135,58.46284482984881,18.687720000000002,43.7932,7.961387702151628e-05,0.00013114023691902985,1410.5650974278374,6.885857033418247,3.129143822453676,5.154335871865549,310.5218470096588
