placeholder,rhocov,rhomev,Env,Pv,Ncov,Nmev,rhocov_s,rhomev_s,Env_s,Pv_s,Ncov_s,Nmev_s,time
1,0.0006403264298799105,0.0009828429676368817,-6726.366036335382,57.970372868826516,25.16739,38.62966,0.00011383593336878325,0.00013195465583614203,1898.1657236628334,7.013069678324225,4.474207525126656,5.186345792983727,328.53098726272583
