placeholder,rhocov,rhomev,Env,Pv,Ncov,Nmev,rhocov_s,rhomev_s,Env_s,Pv_s,Ncov_s,Nmev_s,time
1,0.0008315624363932425,0.0008095964787299003,-7379.349954665583,57.7533427664932,32.68373,31.820380000000004,0.00013940018527356716,0.00011312913433293778,2091.994866821174,7.600999839760741,5.478984881992284,4.446427495821786,337.5252685546875
