placeholder,rhocov,rhomev,Env,Pv,Ncov,Nmev,rhocov_s,rhomev_s,Env_s,Pv_s,Ncov_s,Nmev_s,time
1,0.00017912222674536945,0.0016207459800529206,-6841.636072831276,68.1638667180264,7.040220000000001,63.701800000000006,4.701819720213433e-05,0.00018068050072972007,1580.7821119411865,8.265634252730171,1.8480032228326877,7.101466400680919,328.95405769348145
