placeholder,rhocov,rhomev,Env,Pv,Ncov,Nmev,rhocov_s,rhomev_s,Env_s,Pv_s,Ncov_s,Nmev_s,time
1,0.00037641741298595564,0.001474742519845308,-7771.152154728266,67.56596831316025,14.794710000000002,57.96328,9.335770845559507e-05,0.00015916634215094438,1879.0930586914342,8.569699380938607,3.6693313731387085,6.255873911900719,348.15488386154175
