placeholder,rhocov,rhomev,Env,Pv,Ncov,Nmev,rhocov_s,rhomev_s,Env_s,Pv_s,Ncov_s,Nmev_s,time
1,0.0005499447893344188,0.001353149043354366,-8641.214691001604,68.71151663626937,21.61503,53.184169999999995,0.00010586507484142439,0.00016196488572789477,2386.9290441276257,8.074915467956558,4.160920901567344,6.365867868649176,372.74103927612305
