placeholder,rhocov,rhomev,Env,Pv,Ncov,Nmev,rhocov_s,rhomev_s,Env_s,Pv_s,Ncov_s,Nmev_s,time
1,0.0007457355485446774,0.001192447079177692,-9485.41102799282,67.42182967793349,29.310389999999998,46.867940000000004,0.00011731354572530393,0.0001486945028058508,2323.2736695489893,8.851300951550686,4.610891601187345,5.84428873828116,383.15191078186035
