placeholder,rhocov,rhomev,Env,Pv,Ncov,Nmev,rhocov_s,rhomev_s,Env_s,Pv_s,Ncov_s,Nmev_s,time
1,0.0004353007327498474,0.001734101109301852,-10565.636264395973,77.74515636662986,17.10906,68.15711,9.647542134072232e-05,0.00019603195087090818,2696.2042574507345,9.251555472255319,3.791869960375751,7.704839797030177,408.73772978782654
