placeholder,rhocov,rhomev,Env,Pv,Ncov,Nmev,rhocov_s,rhomev_s,Env_s,Pv_s,Ncov_s,Nmev_s,time
1,0.0009015698147771218,0.0014006973844901283,-13383.780792486128,78.6717507751165,35.4353,55.05301,0.00014355195426664775,0.00019067637608181307,3208.8497473770217,10.862208777140431,5.642166010496323,7.494344285519581,451.57094740867615
