placeholder,rhocov,rhomev,Env,Pv,Ncov,Nmev,rhocov_s,rhomev_s,Env_s,Pv_s,Ncov_s,Nmev_s,time
1,0.0011386869020964788,0.0012174964380215754,-14944.481385406509,76.0181826541538,44.75495000000001,47.852479999999986,0.00014922253204414592,0.00014474831221807175,2935.2253052866367,10.179079792445672,5.8650423994631105,5.689187663419093,467.96270537376404
