placeholder,rhocov,rhomev,Env,Pv,Ncov,Nmev,rhocov_s,rhomev_s,Env_s,Pv_s,Ncov_s,Nmev_s,time
1,0.002148799867697944,0.0003425676775900673,-20860.036653328025,69.17088053953164,84.45643,13.46428,0.0003449133402320317,7.47512477882212e-05,5937.306178794067,12.806069707358937,13.556473924479773,2.9380230430682466,466.0241940021515
