placeholder,rhocov,rhomev,Env,Pv,Ncov,Nmev,rhocov_s,rhomev_s,Env_s,Pv_s,Ncov_s,Nmev_s,time
1,0.0010271979951150011,0.0016205640647262364,-17414.10869105781,86.33376221362388,40.37299000000001,63.69465000000001,0.00015060616186767748,0.0001986267746985804,3220.116544455415,11.793564285278114,5.919424586047195,7.806826752753003,517.1494364738464
