placeholder,rhocov,rhomev,Env,Pv,Ncov,Nmev,rhocov_s,rhomev_s,Env_s,Pv_s,Ncov_s,Nmev_s,time
1,0.0005776106757581926,0.00014865535314471812,-1686.9433212536578,29.16175586612262,22.70241,5.842749999999999,8.178949404859798e-05,3.112102957318358e-05,510.7327110401613,3.933665839882858,3.2146542740860955,1.2231809463444074,147.05100202560425
