placeholder,rhocov,rhomev,Env,Pv,Ncov,Nmev,rhocov_s,rhomev_s,Env_s,Pv_s,Ncov_s,Nmev_s,time
1,0.002201352534093222,0.0007385680846733158,-26685.159075714782,80.95027615759739,86.52195999999999,29.028679999999998,0.0003589873658031625,0.00011342749374621435,7601.726453264952,16.80868848646203,14.1096394255275,4.458154214201209,562.0347232818604
