placeholder,rhocov,rhomev,Env,Pv,Ncov,Nmev,rhocov_s,rhomev_s,Env_s,Pv_s,Ncov_s,Nmev_s,time
1,0.00029818364543049056,0.002481106503154895,-16378.918433152056,99.1078002079769,11.719809999999997,97.51741,7.666997265562105e-05,0.00025936059269324646,3458.772380150486,12.684820996868257,3.0134366052565302,10.19390873521536,482.7901644706726
