placeholder,rhocov,rhomev,Env,Pv,Ncov,Nmev,rhocov_s,rhomev_s,Env_s,Pv_s,Ncov_s,Nmev_s,time
1,0.0011806159678404233,0.001864864135965805,-23421.4903673609,95.87583424393779,46.40293,73.29662,0.0001751662617909362,0.00018619625340112974,4788.463019800193,13.580874874980292,6.884734753430956,7.318257543678003,597.3115878105164
