placeholder,rhocov,rhomev,Env,Pv,Ncov,Nmev,rhocov_s,rhomev_s,Env_s,Pv_s,Ncov_s,Nmev_s,time
1,0.0018002704559332383,0.0013314090168939545,-27329.843148887026,92.35723657976143,70.75783,52.329699999999995,0.00023743195562883854,0.00014460488987989967,5862.989885933277,16.374855152596346,9.33202558403587,5.683550591839577,624.7041115760803
