placeholder,rhocov,rhomev,Env,Pv,Ncov,Nmev,rhocov_s,rhomev_s,Env_s,Pv_s,Ncov_s,Nmev_s,time
1,0.0006701803887645023,7.498778750254427e-05,-1832.4353649485868,29.70981982457548,26.340770000000003,2.947319999999999,7.51736959901422e-05,2.1933526362283727e-05,464.34374096255397,3.273367667237249,2.954626947196549,0.8620753201431995,147.14566946029663
