placeholder,rhocov,rhomev,Env,Pv,Ncov,Nmev,rhocov_s,rhomev_s,Env_s,Pv_s,Ncov_s,Nmev_s,time
1,0.0017340886423773663,0.0018795842662324444,-34238.34835743289,106.64049820983055,68.15661999999999,73.87517999999999,0.0002684284546828883,0.0002307320322006946,8133.401990819378,17.246524265158815,10.550311982856243,9.068691793616098,715.543872833252
