placeholder,rhocov,rhomev,Env,Pv,Ncov,Nmev,rhocov_s,rhomev_s,Env_s,Pv_s,Ncov_s,Nmev_s,time
1,0.0021354752696926523,0.001650292845511907,-38969.70993943828,103.04113609169218,83.93271999999999,64.86311,0.00030216440030182283,0.00018377238531261584,8777.048692572254,19.740079961174775,11.876269589462847,7.2229898323270545,727.8626003265381
