placeholder,rhocov,rhomev,Env,Pv,Ncov,Nmev,rhocov_s,rhomev_s,Env_s,Pv_s,Ncov_s,Nmev_s,time
1,0.0026245972420109913,0.0014045430490535315,-46961.48110598662,102.5066951136785,103.15717000000001,55.20416,0.0003954787203594195,0.00016388145328572132,10266.924571083542,19.175953485924065,15.543895625006623,6.4411966399419915,770.73006772995
