placeholder,rhocov,rhomev,Env,Pv,Ncov,Nmev,rhocov_s,rhomev_s,Env_s,Pv_s,Ncov_s,Nmev_s,time
1,0.001926215397923875,0.0020429750152656224,-41399.88170491472,111.85595900714243,75.70796999999999,80.29709,0.0002951295708664968,0.0001897401626887418,8808.789386596854,19.476728107577127,11.599772653336789,7.457547354318307,799.5054533481598
