placeholder,rhocov,rhomev,Env,Pv,Ncov,Nmev,rhocov_s,rhomev_s,Env_s,Pv_s,Ncov_s,Nmev_s,time
1,0.008725764298799104,0.001017801241603908,-281851.9491745478,99.28485166375823,342.95743999999996,40.003659999999996,0.0004963872955066288,8.079264573493634e-05,25801.318218731183,73.74050067072119,19.510006262592537,3.1754741479659376,984.4157335758209
