placeholder,rhocov,rhomev,Env,Pv,Ncov,Nmev,rhocov_s,rhomev_s,Env_s,Pv_s,Ncov_s,Nmev_s,time
1,0.00018886830856910242,0.0007579839202116833,-2017.3199888936936,39.07560364158816,7.423280000000001,29.791800000000002,3.673705521493756e-05,9.657500912818152e-05,503.66994882427247,4.506206661344917,1.4439132181679062,3.7957841587740475,190.5618634223938
