placeholder,rhocov,rhomev,Env,Pv,Ncov,Nmev,rhocov_s,rhomev_s,Env_s,Pv_s,Ncov_s,Nmev_s,time
1,0.0008078490738856097,0.0030782912680643194,-33770.33268547497,126.37370906498175,31.751699999999996,120.98916000000001,0.00013752251591142827,0.0003190400386497901,6397.836773679474,18.02430571748259,5.405184965382775,12.53954967909135,709.643194437027
