placeholder,rhocov,rhomev,Env,Pv,Ncov,Nmev,rhocov_s,rhomev_s,Env_s,Pv_s,Ncov_s,Nmev_s,time
1,0.0021187108182373297,0.0023797203846936702,-52019.87270170111,121.2366286395457,83.27381,93.53253,0.0003405767998321011,0.00027248938222447034,12254.621658629208,26.796380847223897,13.386030540600897,10.709922678950582,886.2232959270477
