placeholder,rhocov,rhomev,Env,Pv,Ncov,Nmev,rhocov_s,rhomev_s,Env_s,Pv_s,Ncov_s,Nmev_s,time
1,0.0004164614288622023,0.0034536362711174435,-31477.48945163703,130.08190310422896,16.3686,135.74172000000002,0.00010478794117910882,0.00034648937479479585,7180.3231575027885,21.836416808126934,4.118585240103694,13.618418386934659,695.4478948116302
