placeholder,rhocov,rhomev,Env,Pv,Ncov,Nmev,rhocov_s,rhomev_s,Env_s,Pv_s,Ncov_s,Nmev_s,time
1,0.0003007721860370446,0.0006810395888459191,-2345.1592818542103,39.8117242899604,11.821550000000002,26.76758,5.2096341845965174e-05,8.019386136971377e-05,597.5198854698688,4.554192192610038,2.047594619913815,3.1519395272752297,197.8909239768982
