placeholder,rhocov,rhomev,Env,Pv,Ncov,Nmev,rhocov_s,rhomev_s,Env_s,Pv_s,Ncov_s,Nmev_s,time
1,0.002437263128434765,0.0026820361795237124,-66947.8957813331,133.71961703775804,95.79419,105.41474999999998,0.00034751769167249016,0.00022639736686916464,13332.002434363836,25.269854938484357,13.658835353495553,8.898322107425647,990.2614936828613
