placeholder,rhocov,rhomev,Env,Pv,Ncov,Nmev,rhocov_s,rhomev_s,Env_s,Pv_s,Ncov_s,Nmev_s,time
1,0.0038271094545084474,0.0020517303582332585,-97432.91752727269,124.92070177055463,150.42070999999999,80.64120999999999,0.0006546934197498071,0.00021016582025759972,23944.914636724185,31.296071749214494,25.73207016984642,8.260357399404702,1206.6396486759186
