placeholder,rhocov,rhomev,Env,Pv,Ncov,Nmev,rhocov_s,rhomev_s,Env_s,Pv_s,Ncov_s,Nmev_s,time
1,0.0052173346224302876,0.0019530559230612663,-145406.93423857816,114.57549763632777,205.06212,76.76291,0.0005120618396890592,0.00017934001284255626,24533.338024798602,39.46551826154247,20.126078547138786,7.04877986476383,1475.9862546920776
