placeholder,rhocov,rhomev,Env,Pv,Ncov,Nmev,rhocov_s,rhomev_s,Env_s,Pv_s,Ncov_s,Nmev_s,time
1,0.0009145056482800733,0.003616547679625484,-44995.24414945566,145.34040425286344,35.943729999999995,142.14479,0.00018774954557958373,0.0003108871935239582,8663.825574069517,21.108927267125356,7.379308139459958,12.219110254265651,830.9916253089905
