placeholder,rhocov,rhomev,Env,Pv,Ncov,Nmev,rhocov_s,rhomev_s,Env_s,Pv_s,Ncov_s,Nmev_s,time
1,0.001381232190107877,0.003358421025849786,-52067.773267892226,143.18538257544876,54.28795,131.99938000000003,0.000225191277702094,0.0003050892894624329,10065.775535078214,27.40919258333251,8.850917978803103,11.991229433031458,918.4749009609222
