placeholder,rhocov,rhomev,Env,Pv,Ncov,Nmev,rhocov_s,rhomev_s,Env_s,Pv_s,Ncov_s,Nmev_s,time
1,0.0018706276714838183,0.0031140013739059634,-59973.12808033415,143.90764495741905,73.52315,122.39271,0.00018240462026790363,0.00027876309032572196,8097.87770152059,28.258343870343765,7.169231195009685,10.956504502162174,999.445837020874
