placeholder,rhocov,rhomev,Env,Pv,Ncov,Nmev,rhocov_s,rhomev_s,Env_s,Pv_s,Ncov_s,Nmev_s,time
1,0.0028229597496438013,0.002928449521677183,-84096.27121768627,147.82458249270056,110.95361000000001,115.09978,0.00038316834915876134,0.0002915705434010759,16623.786955197527,31.432892555505926,15.060048795335957,11.459888637835885,1097.7933654785156
