placeholder,rhocov,rhomev,Env,Pv,Ncov,Nmev,rhocov_s,rhomev_s,Env_s,Pv_s,Ncov_s,Nmev_s,time
1,0.0032255831467535106,0.0026366011093018516,-90564.25453835491,139.3908573879157,126.77832000000001,103.62897,0.00039303705088725377,0.0002468827631429226,16504.08946460082,34.69970652591977,15.447928248072621,9.703480122569427,1178.7984881401062
