placeholder,rhocov,rhomev,Env,Pv,Ncov,Nmev,rhocov_s,rhomev_s,Env_s,Pv_s,Ncov_s,Nmev_s,time
1,0.0017044560350091594,0.003763832179930795,-69986.5548066973,159.1544832016854,66.99194,147.93366,0.0003066215184327949,0.00039894517414271386,16294.52755053364,29.872816718248995,12.05145216048257,15.680141124505225,992.2758169174194
