placeholder,rhocov,rhomev,Env,Pv,Ncov,Nmev,rhocov_s,rhomev_s,Env_s,Pv_s,Ncov_s,Nmev_s,time
1,0.0058980487991044175,0.002099862354976593,-179394.28360017564,139.6209241713256,231.81690999999998,82.53298999999998,0.00039339381629192806,0.00017769244463001054,16875.5229176026,48.29638138947543,15.461950555537937,6.984023843737935,1677.1981449127197
