placeholder,rhocov,rhomev,Env,Pv,Ncov,Nmev,rhocov_s,rhomev_s,Env_s,Pv_s,Ncov_s,Nmev_s,time
1,0.008960205068186443,0.0012911523000203543,-306185.55789151223,110.68944815794795,352.17190000000005,50.74745,0.0005232084636685859,0.00012199304571375174,31131.431178706,80.92828078875591,20.564185456030103,4.794814668733298,1732.7510256767273
