placeholder,rhocov,rhomev,Env,Pv,Ncov,Nmev,rhocov_s,rhomev_s,Env_s,Pv_s,Ncov_s,Nmev_s,time
1,0.0023227218603704457,0.0035960950539385313,-84714.74829919708,156.76418077502015,91.29225999999998,141.34092,0.0003832232325922716,0.00026084273723182464,15879.706669451234,30.348573899414585,15.06220593380664,10.252162944159636,1208.6364209651947
