placeholder,rhocov,rhomev,Env,Pv,Ncov,Nmev,rhocov_s,rhomev_s,Env_s,Pv_s,Ncov_s,Nmev_s,time
1,0.0036097458273967025,0.002882845766334216,-109965.20758060965,147.61146264635116,141.87744999999998,113.30737,0.00040494464909615987,0.0002592534128686654,20210.578215862468,36.958448046518264,15.915944488075471,10.189696139390026,1453.0983483791351
