placeholder,rhocov,rhomev,Env,Pv,Ncov,Nmev,rhocov_s,rhomev_s,Env_s,Pv_s,Ncov_s,Nmev_s,time
1,0.0028879396499084066,0.004167124211276206,-121396.74153791838,184.03348077948695,113.50757999999998,163.78464999999997,0.0004099949977212762,0.0002270394012742965,18678.07407827084,47.22021082072887,16.114443390437042,8.923556627684949,1250.692353963852
