placeholder,rhocov,rhomev,Env,Pv,Ncov,Nmev,rhocov_s,rhomev_s,Env_s,Pv_s,Ncov_s,Nmev_s,time
1,0.00735570679829025,0.0022705098717687765,-257418.95485804032,172.158837661836,289.1087,89.24011999999999,0.00046209534694271505,0.00016282508038551423,29231.307064804718,71.83871732369762,18.162195516236466,6.399676959472251,1840.191822528839
