placeholder,rhocov,rhomev,Env,Pv,Ncov,Nmev,rhocov_s,rhomev_s,Env_s,Pv_s,Ncov_s,Nmev_s,time
1,0.004881184103399145,0.0035064138510075317,-182257.1922187492,188.9172649644205,191.85006,137.81609,0.0004794705398639689,0.0002573382154567503,28996.731138317133,56.318674689097676,18.845110098813432,10.114421220312114,1636.793152809143
