placeholder,rhocov,rhomev,Env,Pv,Ncov,Nmev,rhocov_s,rhomev_s,Env_s,Pv_s,Ncov_s,Nmev_s,time
1,0.005956087929981682,0.0030711731630368422,-217422.81155015313,166.9216279110772,234.09807999999998,120.70939,0.00045539023300959005,0.00019728168867377198,20401.339229540077,61.05387186201114,17.898657718208927,7.753959491633935,1751.823302268982
