placeholder,rhocov,rhomev,Env,Pv,Ncov,Nmev,rhocov_s,rhomev_s,Env_s,Pv_s,Ncov_s,Nmev_s,time
1,0.0007831322511703642,0.00021487991044168535,-3170.9007111055507,38.22697076404356,30.780229999999996,8.44564,9.815693789776114e-05,4.573613027783304e-05,817.4588423259678,4.646533348428932,3.857960287133604,1.7976128644399492,199.89738750457764
