placeholder,rhocov,rhomev,Env,Pv,Ncov,Nmev,rhocov_s,rhomev_s,Env_s,Pv_s,Ncov_s,Nmev_s,time
1,0.0073929147160594335,0.002303880775493588,-263326.2334072858,173.72907759398143,290.57112,90.55172999999999,0.0006358701922957591,0.00018510800555407423,30993.88341163879,67.03065376074605,24.992242037992508,7.275485050297333,1864.739013671875
