placeholder,rhocov,rhomev,Env,Pv,Ncov,Nmev,rhocov_s,rhomev_s,Env_s,Pv_s,Ncov_s,Nmev_s,time
1,0.0028874745572969674,0.004220626144921637,-120104.5633168033,197.36342004008188,113.4893,165.88748999999999,0.00041645252715510856,0.0002816553185514552,17573.094164892802,44.284993780199656,16.368250127304385,11.07018064034639,1394.1531596183777
