placeholder,rhocov,rhomev,Env,Pv,Ncov,Nmev,rhocov_s,rhomev_s,Env_s,Pv_s,Ncov_s,Nmev_s,time
1,0.0037709487583960917,0.004067864593934459,-151152.1115013367,202.8800901020168,148.21337000000003,159.88335,0.00041787489067659556,0.00027297666661287864,20695.875311560943,53.51073832203001,16.424154703152915,10.72907490455258,1539.1805138587952
