placeholder,rhocov,rhomev,Env,Pv,Ncov,Nmev,rhocov_s,rhomev_s,Env_s,Pv_s,Ncov_s,Nmev_s,time
1,2.0121870547526975e-05,0.00019761423773661719,-97.61789820033653,9.888024086606636,0.7908700000000001,7.767029999999998,6.713036491930304e-06,1.982436692741445e-05,25.982603428880747,0.924943352285825,0.2638491862788286,0.7791769177150976,51.17588996887207
