placeholder,rhocov,rhomev,Env,Pv,Ncov,Nmev,rhocov_s,rhomev_s,Env_s,Pv_s,Ncov_s,Nmev_s,time
1,6.603322817016081e-05,0.00015445043761449216,-115.73287478854697,9.974664569565611,2.59537,6.070519999999999,1.3252130594035165e-05,1.8969442443045062e-05,28.9844527609319,1.0051524685783457,0.5208617408679582,0.7455749657814431,56.13816595077515
