placeholder,rhocov,rhomev,Env,Pv,Ncov,Nmev,rhocov_s,rhomev_s,Env_s,Pv_s,Ncov_s,Nmev_s,time
1,8.736591695501729e-05,0.00012933518216975374,-117.76887681518248,9.781881464039529,3.4338300000000004,5.0833900000000005,1.4324643577345254e-05,1.540441556511082e-05,30.12592839447729,0.9983232440507301,0.5630157911639779,0.6054551493711157,56.3468861579895
