placeholder,rhocov,rhomev,Env,Pv,Ncov,Nmev,rhocov_s,rhomev_s,Env_s,Pv_s,Ncov_s,Nmev_s,time
1,0.00015399781192753918,6.846275188276003e-05,-146.2768669055301,9.985927417054038,6.052730000000001,2.6908599999999994,1.792560251728871e-05,1.3173083278115262e-05,38.90971411816146,0.9707610577585478,0.7045478813395155,0.5177548651630423,54.486610412597656
