placeholder,rhocov,rhomev,Env,Pv,Ncov,Nmev,rhocov_s,rhomev_s,Env_s,Pv_s,Ncov_s,Nmev_s,time
1,0.00017817346834927747,4.338642377366173e-05,-161.349842399074,9.969897379124191,7.00293,1.70526,1.9534566820199856e-05,9.689126914541493e-06,47.06246077479279,1.01702623603029,0.7677866143011349,0.3808214442491389,54.117767572402954
