placeholder,rhocov,rhomev,Env,Pv,Ncov,Nmev,rhocov_s,rhomev_s,Env_s,Pv_s,Ncov_s,Nmev_s,time
1,8.982215550580094e-05,0.00035712014044372067,-447.74170496851127,19.94649271037071,3.5303699999999996,14.036250000000003,1.9999027793429633e-05,4.534356268394518e-05,126.47408666690595,2.3255545890615417,0.7860417883929582,1.7821833877297812,96.176016330719
