placeholder,rhocov,rhomev,Env,Pv,Ncov,Nmev,rhocov_s,rhomev_s,Env_s,Pv_s,Ncov_s,Nmev_s,time
1,0.00017703668837777326,0.0002654455017301038,-492.0882256702587,19.74721151148889,6.95825,10.43307,2.9478787829573888e-05,3.003795049796163e-05,132.17192999649572,1.9825348537293086,1.1586342768535722,1.1806116063718837,100.86539888381958
