placeholder,rhocov,rhomev,Env,Pv,Ncov,Nmev,rhocov_s,rhomev_s,Env_s,Pv_s,Ncov_s,Nmev_s,time
1,0.00022174180744962346,0.00022163367596173415,-512.0949454613299,19.602407096149218,8.715340000000001,8.711089999999999,3.1388008708866044e-05,3.181877524631406e-05,130.09915249239896,1.948471697221361,1.2336742942932708,1.2506051422811282,101.29101133346558
