placeholder,rhocov,rhomev,Env,Pv,Ncov,Nmev,rhocov_s,rhomev_s,Env_s,Pv_s,Ncov_s,Nmev_s,time
1,0.00023822638917158557,0.0009766952473030733,-3322.556759844019,49.023323253080655,9.363249999999999,38.38803,4.4045840989004045e-05,0.00010018766551623967,742.4200789132891,4.769391910357492,1.7311777342318149,3.9377760054502846,235.34377789497375
