placeholder,rhocov,rhomev,Env,Pv,Ncov,Nmev,rhocov_s,rhomev_s,Env_s,Pv_s,Ncov_s,Nmev_s,time
1,0.00013166420720537352,0.0005339324241807449,-985.2423242757104,29.413608352489696,5.17493,20.985680000000002,3.139811735515631e-05,6.107679202229909e-05,257.29676338897764,3.443072276117695,1.234071604527063,2.400562233644444,138.4768624305725
