placeholder,rhocov,rhomev,Env,Pv,Ncov,Nmev,rhocov_s,rhomev_s,Env_s,Pv_s,Ncov_s,Nmev_s,time
1,0.0002015499694687564,0.0004776190718501935,-1086.38315263435,29.862067160226037,7.9217200000000005,18.77234,3.576988905989686e-05,4.714967824917983e-05,232.76058206089715,2.9370050425480363,1.4058997196101861,1.8531709539057641,143.03126525878906
