placeholder,rhocov,rhomev,Env,Pv,Ncov,Nmev,rhocov_s,rhomev_s,Env_s,Pv_s,Ncov_s,Nmev_s,time
1,0.0002692629248931407,0.0004035034602076125,-1129.5824172963648,29.514633593223092,10.58311,15.859300000000003,4.361172977914125e-05,4.5034468026095706e-05,268.37159087022087,3.1000097942006986,1.7141154272393673,1.7700347312976659,147.91113352775574
