placeholder,rhocov,rhomev,Env,Pv,Ncov,Nmev,rhocov_s,rhomev_s,Env_s,Pv_s,Ncov_s,Nmev_s,time
1,0.0004180060553633218,0.00027900620801954,-1380.9878960361812,29.947668271547812,16.42931,10.966060000000002,6.214154817911366e-05,4.314489017813826e-05,368.68625534790266,3.0377529868866624,2.4424114096318825,1.6957667635615459,146.57779264450073
