placeholder,rhocov,rhomev,Env,Pv,Ncov,Nmev,rhocov_s,rhomev_s,Env_s,Pv_s,Ncov_s,Nmev_s,time
1,0.0005609742010991247,0.00013819967433340117,-1552.0180127036338,29.613532338366046,22.048530000000007,5.431800000000001,7.032893965697588e-05,2.497655380581076e-05,432.98761578398455,3.4218527436563138,2.76420864427778,0.9816784707835859,142.04418516159058
