placeholder,rhocov,rhomev,Env,Pv,Ncov,Nmev,rhocov_s,rhomev_s,Env_s,Pv_s,Ncov_s,Nmev_s,time
1,0.0006309240789741502,7.011678200692043e-05,-1639.6843497887592,29.402807282051803,24.79784,2.7558700000000003,6.534101132186144e-05,2.2171079937471615e-05,391.5612596446924,2.902031577889691,2.5681631089944426,0.8714121258623844,134.28249955177307
