placeholder,rhocov,rhomev,Env,Pv,Ncov,Nmev,rhocov_s,rhomev_s,Env_s,Pv_s,Ncov_s,Nmev_s,time
1,8.918252595155709e-05,0.0008019140545491552,-1612.654545102335,39.15195623344339,3.5052299999999996,31.51843,3.0478843708114568e-05,8.05281160725839e-05,386.84890339330974,4.015731655423262,1.1979404731037349,3.1650770741168373,171.13824820518494
