placeholder,rhocov,rhomev,Env,Pv,Ncov,Nmev,rhocov_s,rhomev_s,Env_s,Pv_s,Ncov_s,Nmev_s,time
1,0.00037160161815591285,0.0008645578058212904,-3649.6204152633313,49.448769578369095,14.605429999999998,33.98058,7.159346201055993e-05,0.00010255981100257324,910.3688319331749,5.144585044700931,2.8139094308630477,4.031010811645139,252.32137846946716
