placeholder,rhocov,rhomev,Env,Pv,Ncov,Nmev,rhocov_s,rhomev_s,Env_s,Pv_s,Ncov_s,Nmev_s,time
1,0.0002258958375737838,0.0009247417565642174,-2943.2284728159407,49.58576350173269,8.878610000000002,36.34605,4.754166899184751e-05,0.00011163320042313995,739.3195908957251,5.356516734021159,1.8685777580555754,4.387631309431092,222.40874910354614
