placeholder,rhocov,rhomev,Env,Pv,Ncov,Nmev,rhocov_s,rhomev_s,Env_s,Pv_s,Ncov_s,Nmev_s,time
1,0.0003397359047425198,0.0008030615204559331,-2999.7284771068908,48.5997671217359,13.352980000000002,31.56353,5.4318618647591364e-05,8.87787325342333e-05,639.7379140564857,5.102625214400934,2.1349389873249307,3.489359303525505,231.15356040000916
