placeholder,rhocov,rhomev,Env,Pv,Ncov,Nmev,rhocov_s,rhomev_s,Env_s,Pv_s,Ncov_s,Nmev_s,time
1,9.369987787502548e-05,0.00013716110319560352,-138.219883003571,9.927919059568728,3.68278,5.390980000000001,1.5927538355586857e-05,2.0524570024858585e-05,46.68678459606556,1.1638295825428522,0.6260159675279856,0.8066977002570417,62.46220541000366
