placeholder,rhocov,rhomev,Env,Pv,Ncov,Nmev,rhocov_s,rhomev_s,Env_s,Pv_s,Ncov_s,Nmev_s,time
1,0.0005681587115815185,0.0005905897618562996,-3548.1987974023855,48.11249753129168,22.33091,23.212539999999994,8.142395446181547e-05,6.634772308094453e-05,794.142161857984,4.896711070589308,3.200287106167195,2.6077309079734436,243.95845580101013
