placeholder,rhocov,rhomev,Env,Pv,Ncov,Nmev,rhocov_s,rhomev_s,Env_s,Pv_s,Ncov_s,Nmev_s,time
1,0.001108099175656422,0.00012467814980663547,-4973.770886099102,48.62017008000208,43.552730000000004,4.90035,0.00014188897539528934,3.839246483065565e-05,1342.983473996546,6.174215383542464,5.576804288936452,1.5089774377040897,230.53042030334473
