placeholder,rhocov,rhomev,Env,Pv,Ncov,Nmev,rhocov_s,rhomev_s,Env_s,Pv_s,Ncov_s,Nmev_s,time
1,0.0001456050274781193,0.0012398816914308975,-3961.7127207065087,59.594995423077506,5.72286,48.73231,4.18234892949651e-05,0.00012488305405415815,824.7889426612137,6.586332722639175,1.6438304232493084,4.9084035565446325,253.10236620903015
