placeholder,rhocov,rhomev,Env,Pv,Ncov,Nmev,rhocov_s,rhomev_s,Env_s,Pv_s,Ncov_s,Nmev_s,time
1,0.0002887914716059434,0.0010950338387950335,-4245.276102672192,58.63139867198742,11.350659999999996,43.03921,6.71790183331716e-05,0.00011226181169844232,962.8771465399631,5.9733049308355515,2.6404041365669766,4.412338246995577,270.26290130615234
