placeholder,rhocov,rhomev,Env,Pv,Ncov,Nmev,rhocov_s,rhomev_s,Env_s,Pv_s,Ncov_s,Nmev_s,time
1,0.00042660950539385317,0.00095881971300631,-4487.857602146456,58.11528187039955,16.767460000000003,37.68545,6.42562285292572e-05,0.00010514851135530947,959.614716561496,6.593573877259492,2.5255268061139247,4.132757090309083,282.54805088043213
