placeholder,rhocov,rhomev,Env,Pv,Ncov,Nmev,rhocov_s,rhomev_s,Env_s,Pv_s,Ncov_s,Nmev_s,time
1,0.0006434055058009364,0.0006380699165479341,-4455.107733908144,49.64907149856762,25.288409999999995,25.078699999999998,0.00010580249145761682,9.17384221166377e-05,1303.8877213567403,5.831863109759169,4.158461124250172,3.6056869428723286,264.1868917942047
