placeholder,rhocov,rhomev,Env,Pv,Ncov,Nmev,rhocov_s,rhomev_s,Env_s,Pv_s,Ncov_s,Nmev_s,time
1,0.0010368926826786079,0.0004542415530225931,-6526.806823552473,58.7563440093282,40.75403,17.85351,0.00013851474555924334,7.674193795148347e-05,1700.0599534525586,8.059966348259342,5.4441835594605,3.016265129245107,291.35807609558105
