placeholder,rhocov,rhomev,Env,Pv,Ncov,Nmev,rhocov_s,rhomev_s,Env_s,Pv_s,Ncov_s,Nmev_s,time
1,0.000160707307144311,0.0014552933543659674,-5413.186463379193,68.75593055466707,6.31644,57.19884999999999,4.9464000438202906e-05,0.0001451968452803422,1164.3574478089517,7.508612330564297,1.9441330732231268,5.706816806898572,295.3411660194397
