placeholder,rhocov,rhomev,Env,Pv,Ncov,Nmev,rhocov_s,rhomev_s,Env_s,Pv_s,Ncov_s,Nmev_s,time
1,0.0007421824750661511,0.0005196155607571748,-4511.682094046263,48.73557666760393,29.170740000000002,20.422969999999996,0.00011338723977051944,7.367473829731632e-05,1230.6956268563804,6.172377905467101,4.456572071940496,2.895711914037721,260.12382650375366
