placeholder,rhocov,rhomev,Env,Pv,Ncov,Nmev,rhocov_s,rhomev_s,Env_s,Pv_s,Ncov_s,Nmev_s,time
1,0.0010157650620801954,0.0007172908609810707,-8255.19259914777,68.03512619057081,39.92363,28.1924,0.00014825439756843765,0.00010241166952349314,2088.986954138098,8.797720972318027,5.826990842029873,4.025188258951374,346.6686818599701
