placeholder,rhocov,rhomev,Env,Pv,Ncov,Nmev,rhocov_s,rhomev_s,Env_s,Pv_s,Ncov_s,Nmev_s,time
1,0.000178721249745573,0.0016264672806838999,-6673.722700758014,76.48200019956842,7.024459999999998,63.926670000000016,5.241990890890908e-05,0.00013648741165318032,1240.6736076706359,7.352710469872626,2.060312099755763,5.364501227616599,336.2061996459961
