placeholder,rhocov,rhomev,Env,Pv,Ncov,Nmev,rhocov_s,rhomev_s,Env_s,Pv_s,Ncov_s,Nmev_s,time
1,0.000397246081823733,0.0015444649399552208,-8356.789535506563,79.51649179757514,15.61336,60.70365000000001,8.27843383551016e-05,0.00016881528224504646,1974.2071808869096,10.10459886942377,3.253755634708913,6.635115853359307,355.6087739467621
