placeholder,rhocov,rhomev,Env,Pv,Ncov,Nmev,rhocov_s,rhomev_s,Env_s,Pv_s,Ncov_s,Nmev_s,time
1,0.0007668687665377572,0.0011630518522287808,-9158.320631765597,76.97283766315797,30.141009999999998,45.712590000000006,0.00011896131087445576,0.00014015312619515614,2211.473785929509,7.992381925709215,4.67565536260961,5.508578471974417,394.31920862197876
