placeholder,rhocov,rhomev,Env,Pv,Ncov,Nmev,rhocov_s,rhomev_s,Env_s,Pv_s,Ncov_s,Nmev_s,time
1,0.0009892906574394463,0.001020466619173621,-10549.90152575508,79.60552032080616,38.88308000000001,40.10842,0.00016423971514981718,0.0001288188206136498,2692.7413683588784,10.90688503413511,6.455277764248414,5.063094925398891,399.77735233306885
