placeholder,rhocov,rhomev,Env,Pv,Ncov,Nmev,rhocov_s,rhomev_s,Env_s,Pv_s,Ncov_s,Nmev_s,time
1,0.0011901465499694688,0.0008409609708935478,-11325.299757826444,78.53211084607456,46.77751999999999,33.05313,0.000151638149970134,0.00011774518665784668,2463.9492279491756,9.137499159163935,5.9599858464261475,4.627856816400007,416.14681577682495
