placeholder,rhocov,rhomev,Env,Pv,Ncov,Nmev,rhocov_s,rhomev_s,Env_s,Pv_s,Ncov_s,Nmev_s,time
1,0.0008935492570730716,0.0004129625483411358,-5109.285239373433,49.21464765377845,35.12006,16.23108,0.00011414589771525237,7.61316056173772e-05,1271.5466705770614,5.7362594411503895,4.486390363800279,2.9922766271853942,263.7045645713806
