placeholder,rhocov,rhomev,Env,Pv,Ncov,Nmev,rhocov_s,rhomev_s,Env_s,Pv_s,Ncov_s,Nmev_s,time
1,0.0016762148890698144,0.0004312497455729697,-13482.87964641069,77.82763399864093,65.88195,16.94984,0.00022694626164068756,8.714428308131657e-05,3388.827165767167,11.854417807571943,8.919895867525584,3.4251189022280673,408.5352222919464
