placeholder,rhocov,rhomev,Env,Pv,Ncov,Nmev,rhocov_s,rhomev_s,Env_s,Pv_s,Ncov_s,Nmev_s,time
1,0.0019145288011398335,0.00023564217382454711,-14889.489585401883,74.05779787297361,75.24864000000001,9.261680000000002,0.00023943873786472903,6.0214950964945065e-05,3642.845021128804,9.799617097407467,9.410900153035307,2.366688432726201,391.35452246665955
