placeholder,rhocov,rhomev,Env,Pv,Ncov,Nmev,rhocov_s,rhomev_s,Env_s,Pv_s,Ncov_s,Nmev_s,time
1,0.0002295377060858946,0.0018876859861591694,-9161.661955632377,89.37246791014636,9.02175,74.19360999999999,6.311897367871174e-05,0.00018023359674771656,1866.0612091771625,9.778674489470069,2.4808281414680864,7.083901286572251,378.73276019096375
