placeholder,rhocov,rhomev,Env,Pv,Ncov,Nmev,rhocov_s,rhomev_s,Env_s,Pv_s,Ncov_s,Nmev_s,time
1,0.0004059955729696723,0.0016685805515978017,-9311.20806914046,86.37268826108226,15.957249999999998,65.58188999999999,8.999862267702501e-05,0.00017981731092774577,2136.797464212173,11.836707666858878,3.5373058656977916,7.067539588704119,406.1814754009247
