placeholder,rhocov,rhomev,Env,Pv,Ncov,Nmev,rhocov_s,rhomev_s,Env_s,Pv_s,Ncov_s,Nmev_s,time
1,0.001116365509871769,0.0011565583655607573,-13536.066333239882,86.03518234662248,43.87762999999999,45.45737,0.00017996720342299466,0.00012992440993779924,3308.1313570786697,10.109366938160914,7.073430963337381,5.106549008195262,459.48005294799805
