placeholder,rhocov,rhomev,Env,Pv,Ncov,Nmev,rhocov_s,rhomev_s,Env_s,Pv_s,Ncov_s,Nmev_s,time
1,0.0019156052819051495,0.0004983345206594749,-18082.561038106596,83.72239721877328,75.29095000000001,19.58654,0.0002995029613374867,9.559189698358338e-05,5361.161531175088,13.524621212161009,11.771664392408578,3.7571439190427616,459.23748254776
