placeholder,rhocov,rhomev,Env,Pv,Ncov,Nmev,rhocov_s,rhomev_s,Env_s,Pv_s,Ncov_s,Nmev_s,time
1,0.0010375732749847342,0.0015393308569102383,-16336.332601557235,97.38563171050986,40.78078000000001,60.50185999999999,0.0001639273516165598,0.00017278097173869343,3810.2209263484906,11.627554180063335,6.443000627937265,6.790983313217608,501.64231038093567
