placeholder,rhocov,rhomev,Env,Pv,Ncov,Nmev,rhocov_s,rhomev_s,Env_s,Pv_s,Ncov_s,Nmev_s,time
1,0.0018652391614085082,0.0008630744962344801,-21327.666141806298,97.4559010721939,73.31135999999998,33.92228,0.00027100333848222133,0.00014547839433928146,6277.620475001606,16.53281677293728,10.651515215705228,5.71788281111112,533.7097110748291
