placeholder,rhocov,rhomev,Env,Pv,Ncov,Nmev,rhocov_s,rhomev_s,Env_s,Pv_s,Ncov_s,Nmev_s,time
1,0.0011762036942804803,0.00014453796051292492,-5762.963355619144,47.98758788835512,46.22951000000001,5.680920000000001,0.00014422493345547395,4.173474939737931e-05,1452.7515654262397,5.635747557386778,5.668616784533948,1.6403425903145963,244.47154641151428
