placeholder,rhocov,rhomev,Env,Pv,Ncov,Nmev,rhocov_s,rhomev_s,Env_s,Pv_s,Ncov_s,Nmev_s,time
1,0.002620664308976186,0.00034250636067575816,-27864.431084555938,93.61339867029366,103.00258999999998,13.461870000000001,0.0003529304651005524,9.096698618490657e-05,7496.02547695966,17.965056199838383,13.871579000312112,3.575366425011568,534.2283205986023
