placeholder,rhocov,rhomev,Env,Pv,Ncov,Nmev,rhocov_s,rhomev_s,Env_s,Pv_s,Ncov_s,Nmev_s,time
1,0.00024287375330755143,0.002342218349277427,-13748.564436637038,105.23896904334526,9.545910000000001,92.05855,5.653496525509485e-05,0.00021071839862332734,2500.9674946801997,12.58367759914663,2.2220502743862482,8.282075939491259,467.7448790073395
