placeholder,rhocov,rhomev,Env,Pv,Ncov,Nmev,rhocov_s,rhomev_s,Env_s,Pv_s,Ncov_s,Nmev_s,time
1,0.0007958044982698962,0.0018979488092814981,-16581.04130246227,105.77006806801388,31.278299999999998,74.59698,0.00012190294275084856,0.00022225386720704286,3453.3469923625116,14.742817333560373,4.791273261879351,8.735465996705614,530.7882058620453
