placeholder,rhocov,rhomev,Env,Pv,Ncov,Nmev,rhocov_s,rhomev_s,Env_s,Pv_s,Ncov_s,Nmev_s,time
1,0.0017570977508650518,0.0012244491654793404,-24227.685397017736,104.25528165720186,69.06097,48.12575,0.0002552289001973588,0.0001647779182856598,5535.781284248004,14.389494539012231,10.031516693356991,6.476431300299573,601.1864867210388
