placeholder,rhocov,rhomev,Env,Pv,Ncov,Nmev,rhocov_s,rhomev_s,Env_s,Pv_s,Ncov_s,Nmev_s,time
1,0.0020988576226338286,0.0010128238856096069,-27497.394925740165,105.44271320846634,82.4935,39.80803,0.0002511464519958364,0.00011257595722101592,6002.420941078369,15.927630085610181,9.871060149244355,4.42468542261481,603.5569143295288
