placeholder,rhocov,rhomev,Env,Pv,Ncov,Nmev,rhocov_s,rhomev_s,Env_s,Pv_s,Ncov_s,Nmev_s,time
1,0.0024950903215957662,0.000700267911662935,-30525.461403071164,101.16668178302955,98.06702999999999,27.52333,0.0003567276669050042,0.0001060167986918362,8016.292428704958,17.163716942354196,14.020824220034285,4.1668842557839305,616.4879851341248
