placeholder,rhocov,rhomev,Env,Pv,Ncov,Nmev,rhocov_s,rhomev_s,Env_s,Pv_s,Ncov_s,Nmev_s,time
1,0.00014804498269896195,0.0013128195603500914,-4513.215052483428,58.890993211229905,5.81876,51.59906,3.856065638320254e-05,0.00014039782330797416,1007.3226655179202,6.335092342922288,1.5155880384853928,5.518196047296617,268.18261075019836
