placeholder,rhocov,rhomev,Env,Pv,Ncov,Nmev,rhocov_s,rhomev_s,Env_s,Pv_s,Ncov_s,Nmev_s,time
1,0.0002928714634642785,0.002492152452676572,-15777.450492945718,114.18628347568495,11.511019999999998,97.95156000000001,7.802272437253822e-05,0.0002026747303040872,3046.1743742986887,13.632383539469593,3.066605158738242,7.965927599871844,504.45525193214417
