placeholder,rhocov,rhomev,Env,Pv,Ncov,Nmev,rhocov_s,rhomev_s,Env_s,Pv_s,Ncov_s,Nmev_s,time
1,0.000868177030327702,0.0020481437003867287,-19410.53119634857,114.66630755436395,34.12283,80.50024,0.0001488869203477768,0.0002290576798663774,4668.195215059322,15.920299153061874,5.851851517349018,9.0028830494681,576.2192847728729
