placeholder,rhocov,rhomev,Env,Pv,Ncov,Nmev,rhocov_s,rhomev_s,Env_s,Pv_s,Ncov_s,Nmev_s,time
1,0.0012886436495013226,0.0019391054345613678,-25268.57637951267,119.8166349875031,50.64885000000001,76.2146,0.00017039052024005695,0.0002323622882649046,5771.064476185197,14.974303557002877,6.697029007515198,9.13276737796381,610.4964776039124
