placeholder,rhocov,rhomev,Env,Pv,Ncov,Nmev,rhocov_s,rhomev_s,Env_s,Pv_s,Ncov_s,Nmev_s,time
1,0.0024039184306940773,0.0011162189599022998,-34816.52569817593,114.8507156833878,94.48361000000001,43.87187000000001,0.0002987299582514937,0.0001437913072349889,7617.558758625096,18.711726171496903,11.741282279116705,5.651573539564004,684.3726162910461
