placeholder,rhocov,rhomev,Env,Pv,Ncov,Nmev,rhocov_s,rhomev_s,Env_s,Pv_s,Ncov_s,Nmev_s,time
1,0.002916097598208834,0.0008303114186851212,-41907.907859053485,116.34979020743272,114.6143,32.63456,0.0004001136873721909,0.0001510726607365508,10757.130805701408,25.35578270252558,15.726068368476593,5.937759857589391,694.353618144989
