placeholder,rhocov,rhomev,Env,Pv,Ncov,Nmev,rhocov_s,rhomev_s,Env_s,Pv_s,Ncov_s,Nmev_s,time
1,0.003690665072257277,0.0004971959596987584,-55021.21243344675,112.4670037763236,145.05790000000002,19.54179,0.00043617090111169795,9.676510455115572e-05,11285.685674156637,24.767899182730847,17.14326109729418,3.8032556692786246,716.0492050647736
