placeholder,rhocov,rhomev,Env,Pv,Ncov,Nmev,rhocov_s,rhomev_s,Env_s,Pv_s,Ncov_s,Nmev_s,time
1,0.00031719519641766744,0.002750641410543456,-19026.96645316864,124.92621367452077,12.467039999999997,108.11121000000001,7.57468512523071e-05,0.00022736291321835095,3339.8624544181025,14.809920673754231,2.9771542416206787,8.936271941134066,548.7869696617126
