placeholder,rhocov,rhomev,Env,Pv,Ncov,Nmev,rhocov_s,rhomev_s,Env_s,Pv_s,Ncov_s,Nmev_s,time
1,0.0006520781599837165,0.002618691990637085,-23159.844719174012,128.99551250422664,25.629279999999994,102.92506999999999,0.00011547918687998892,0.0002671432830112264,4457.606955877462,18.037368368871252,4.538793961131085,10.49979959547324,603.5236332416534
