placeholder,rhocov,rhomev,Env,Pv,Ncov,Nmev,rhocov_s,rhomev_s,Env_s,Pv_s,Ncov_s,Nmev_s,time
1,0.0009571542336657845,0.0023123417463871364,-24423.82590665305,127.58054647515618,37.61999,90.88428,0.000159193104302034,0.0002602402205463874,5564.5203617173565,18.11347197459633,6.256925771487144,10.228481628355208,636.4576182365417
