placeholder,rhocov,rhomev,Env,Pv,Ncov,Nmev,rhocov_s,rhomev_s,Env_s,Pv_s,Ncov_s,Nmev_s,time
1,0.0017272610930185223,0.001864153012416039,-32785.98564765943,124.82154544082675,67.88826999999999,73.26866999999999,0.00022357744754019507,0.00024151078682894443,6860.927713671148,19.85434878879401,8.787487998119827,9.492339965524833,702.6872155666351
