placeholder,rhocov,rhomev,Env,Pv,Ncov,Nmev,rhocov_s,rhomev_s,Env_s,Pv_s,Ncov_s,Nmev_s,time
1,0.0003378991960105842,0.0029674577651129658,-22002.79432339224,134.3930887947349,13.280790000000001,116.63296000000003,7.916797529280155e-05,0.00026866123020175843,4184.215622803411,18.978240172468013,3.111618100908272,10.559460991849916,587.8550000190735
