placeholder,rhocov,rhomev,Env,Pv,Ncov,Nmev,rhocov_s,rhomev_s,Env_s,Pv_s,Ncov_s,Nmev_s,time
1,0.0007006386118461224,0.0028177015062080197,-26744.670043754526,134.82280565674648,27.537900000000004,110.74694,0.00010901054482151658,0.0002401838056365542,4688.442515819585,17.39230149468421,4.284550453664888,9.440184296739126,648.3370702266693
