placeholder,rhocov,rhomev,Env,Pv,Ncov,Nmev,rhocov_s,rhomev_s,Env_s,Pv_s,Ncov_s,Nmev_s,time
1,0.0004439578668837777,0.001051665479340525,-5321.939701453563,58.986232648189024,17.449320000000004,41.33466000000001,7.601545682686847e-05,0.0001347853158981967,1264.1222096520983,7.290286655704979,2.987711515123239,5.297602056062724,292.01442289352417
