placeholder,rhocov,rhomev,Env,Pv,Ncov,Nmev,rhocov_s,rhomev_s,Env_s,Pv_s,Ncov_s,Nmev_s,time
1,0.0010744621412578873,0.0025030381131691433,-29242.738103455184,130.70660118112949,42.23066,98.37941000000001,0.00015740128990905818,0.0002638062012250827,5607.038890411242,16.507713960699473,6.186500298585623,10.368638932950649,694.3289504051208
