placeholder,rhocov,rhomev,Env,Pv,Ncov,Nmev,rhocov_s,rhomev_s,Env_s,Pv_s,Ncov_s,Nmev_s,time
1,0.0014905849277427232,0.0022599094239772032,-33712.53800691148,136.4353247127139,58.585950000000004,88.82347999999998,0.0002147105786665922,0.0002109470784373766,6784.820582890154,19.76374857252014,8.43898458391174,8.29106397090265,731.8733808994293
