placeholder,rhocov,rhomev,Env,Pv,Ncov,Nmev,rhocov_s,rhomev_s,Env_s,Pv_s,Ncov_s,Nmev_s,time
1,0.0024902490840626908,0.0017514886525544474,-47734.74934107668,136.36569104815692,97.87674999999997,68.84051,0.00027205836810095823,0.00016913393471421995,7857.813758046534,22.142506080092968,10.692982099840062,6.6476401700077,817.5166871547699
