placeholder,rhocov,rhomev,Env,Pv,Ncov,Nmev,rhocov_s,rhomev_s,Env_s,Pv_s,Ncov_s,Nmev_s,time
1,0.003084422450641156,0.0014555182678607774,-57796.568055430726,135.93715996676778,121.23014000000003,57.20769,0.00033143554985623985,0.00017545390850735035,9888.960771298482,28.656890635016794,13.026742851549654,6.896040419972899,857.8796188831329
