placeholder,rhocov,rhomev,Env,Pv,Ncov,Nmev,rhocov_s,rhomev_s,Env_s,Pv_s,Ncov_s,Nmev_s,time
1,0.0003722145328719724,0.003251242621616121,-26610.171516690192,144.1668125135816,14.629520000000005,127.78684000000001,9.122390378503736e-05,0.0002842603864634069,4846.543104232862,18.0005182478817,3.5854643143671083,11.172570229557746,633.2541332244873
