placeholder,rhocov,rhomev,Env,Pv,Ncov,Nmev,rhocov_s,rhomev_s,Env_s,Pv_s,Ncov_s,Nmev_s,time
1,0.0007825162833299409,0.0029742023712599226,-30493.36320248839,143.44402177018222,30.75602,116.89805,0.00013755039528525896,0.00029343248643025387,5822.884115077527,19.111476143216084,5.406280736291818,11.533070446654698,692.3237824440002
