placeholder,rhocov,rhomev,Env,Pv,Ncov,Nmev,rhocov_s,rhomev_s,Env_s,Pv_s,Ncov_s,Nmev_s,time
1,0.001539558314675351,0.002422315031548952,-37379.18667802992,145.6255976957762,60.51079999999999,95.20666999999999,0.00018677337649715826,0.00022416509261592797,6240.654725747107,21.37693734964515,7.34094078984431,8.810584800176434,791.9745161533356
