placeholder,rhocov,rhomev,Env,Pv,Ncov,Nmev,rhocov_s,rhomev_s,Env_s,Pv_s,Ncov_s,Nmev_s,time
1,0.004105958681050275,0.0011230096173417462,-80750.73573782646,132.617689500684,161.38060000000002,44.13877,0.000527696504165025,0.00010175146053389912,17412.09696560993,34.233318278658686,20.740583399702142,3.999239404824372,1048.6343672275543
