placeholder,rhocov,rhomev,Env,Pv,Ncov,Nmev,rhocov_s,rhomev_s,Env_s,Pv_s,Ncov_s,Nmev_s,time
1,0.0004150781090983106,0.0035057045084469773,-30847.018207437995,157.46730637891534,16.31423,137.78821,9.092340993634503e-05,0.0002622958066864217,4803.917725212992,17.721671763534786,3.5736537041381053,10.30927438600312,677.6039998531342
