placeholder,rhocov,rhomev,Env,Pv,Ncov,Nmev,rhocov_s,rhomev_s,Env_s,Pv_s,Ncov_s,Nmev_s,time
1,0.001301922959495217,0.0030094713006309794,-42596.986505541674,154.08314902351515,51.17078000000001,118.28425999999999,0.0002602606570108988,0.00027394958073582656,9229.682429030727,24.517943388622967,10.22928486315637,10.767314321240926,813.3780262470245
