placeholder,rhocov,rhomev,Env,Pv,Ncov,Nmev,rhocov_s,rhomev_s,Env_s,Pv_s,Ncov_s,Nmev_s,time
1,0.0029420934256055363,0.002044398534500305,-65197.70033966599,151.80765596205612,115.63604,80.35304000000001,0.000243834684665893,0.00021284653423808933,8768.66451939202,32.52629560252218,9.583678446108259,8.365720181693863,985.7038750648499
