placeholder,rhocov,rhomev,Env,Pv,Ncov,Nmev,rhocov_s,rhomev_s,Env_s,Pv_s,Ncov_s,Nmev_s,time
1,0.003552690565845716,0.0015839853450030532,-73939.24748102292,140.87555029002397,139.63495,62.25696,0.0006012215384434256,0.00017258632032033817,21230.938762888247,32.99529448862827,23.6304113469804,6.783332733870571,1036.5131137371063
