placeholder,rhocov,rhomev,Env,Pv,Ncov,Nmev,rhocov_s,rhomev_s,Env_s,Pv_s,Ncov_s,Nmev_s,time
1,0.004688490738856096,0.0013223142682678606,-103749.66531016835,146.59539017319838,184.27644,51.97224000000001,0.0007019134998812289,0.0001493361902164262,25037.57746220816,37.48634277872796,27.588008199331824,5.869509620266414,1103.24910902977
