placeholder,rhocov,rhomev,Env,Pv,Ncov,Nmev,rhocov_s,rhomev_s,Env_s,Pv_s,Ncov_s,Nmev_s,time
1,0.0070409548646448205,0.000832637390596377,-182628.06287096295,160.28923126089484,276.73769,32.72598,0.0003687060927035654,0.00014613741243642625,17074.58979511307,57.44082534848469,14.491624267620931,5.7437848584012965,1283.2957136631012
