placeholder,rhocov,rhomev,Env,Pv,Ncov,Nmev,rhocov_s,rhomev_s,Env_s,Pv_s,Ncov_s,Nmev_s,time
1,0.0014352928455119071,0.0031620934256055364,-48300.38474718425,168.0636033588268,56.412749999999996,124.28291999999999,0.00019562134012257742,0.0002803099844545355,7416.786180095963,25.678918516205993,7.688701152177786,11.017303629001063,861.6758160591125
