placeholder,rhocov,rhomev,Env,Pv,Ncov,Nmev,rhocov_s,rhomev_s,Env_s,Pv_s,Ncov_s,Nmev_s,time
1,0.0019407973743130469,0.0028239135965805007,-53992.612909153366,165.32277042267808,76.28110000000001,110.99109999999999,0.0002677635718710587,0.0002820279294083684,10813.2812062952,27.419172689169212,10.524179428820092,11.084825737466513,936.2507965564728
