placeholder,rhocov,rhomev,Env,Pv,Ncov,Nmev,rhocov_s,rhomev_s,Env_s,Pv_s,Ncov_s,Nmev_s,time
1,0.002451309535925097,0.002499311774882963,-61530.41410941578,159.0748350255044,96.34626999999999,98.23295000000002,0.00026829082057624445,0.00018335558923319407,9806.42307018413,26.910461790442287,10.544902411928714,7.20660807922146,984.7013823986053
