placeholder,rhocov,rhomev,Env,Pv,Ncov,Nmev,rhocov_s,rhomev_s,Env_s,Pv_s,Ncov_s,Nmev_s,time
1,0.003849402605332791,0.001886519183798087,-89182.04839104973,154.16995080211242,151.29692,74.14775,0.000348264222852288,0.00017952909761565947,10449.012849851955,38.29422398352466,13.688177014986326,7.05621165268588,1143.8168828487396
