placeholder,rhocov,rhomev,Env,Pv,Ncov,Nmev,rhocov_s,rhomev_s,Env_s,Pv_s,Ncov_s,Nmev_s,time
1,0.006035181660899654,0.0008122415021371873,-141143.80372263823,157.2573268406441,237.20678000000004,31.92434,0.0005614623429634259,0.00016177941937184655,23647.30824774952,46.90400616163919,22.067715927834488,6.358578298991057,1343.6938691139221
