placeholder,rhocov,rhomev,Env,Pv,Ncov,Nmev,rhocov_s,rhomev_s,Env_s,Pv_s,Ncov_s,Nmev_s,time
1,0.0009564105434561366,0.0035623246997761038,-43280.11957502655,175.2465655429773,37.59076,140.01360999999994,0.0001661066107142075,0.000249379250503789,6165.40628287267,25.20033753130267,6.528654227511211,9.801602061800917,845.4930787086487
