placeholder,rhocov,rhomev,Env,Pv,Ncov,Nmev,rhocov_s,rhomev_s,Env_s,Pv_s,Ncov_s,Nmev_s,time
1,0.0015564937410950544,0.003360943415428454,-54914.93907012763,179.22432403936645,61.17643,132.09851999999998,0.00019326728629633693,0.00031277700797197023,9401.888084516768,27.522711314427323,7.596177420591228,12.293387521330317,907.1665668487549
