placeholder,rhocov,rhomev,Env,Pv,Ncov,Nmev,rhocov_s,rhomev_s,Env_s,Pv_s,Ncov_s,Nmev_s,time
1,0.0019836721453287197,0.0030252976796254836,-59060.49785763472,177.02841009740487,77.96624999999999,118.90629999999999,0.00024164446184440734,0.00023953306548282484,7927.597346559256,30.11217640517153,9.497593928332586,9.414607605736949,992.9435436725616
