placeholder,rhocov,rhomev,Env,Pv,Ncov,Nmev,rhocov_s,rhomev_s,Env_s,Pv_s,Ncov_s,Nmev_s,time
1,0.002870294880928151,0.002771933645430491,-80856.4369326197,173.28195907442586,112.81406999999999,108.94807999999999,0.0005711637848040527,0.0002574752758482135,22132.998423123336,33.59490221275665,22.449021397938488,10.119808241938184,1051.096156835556
