placeholder,rhocov,rhomev,Env,Pv,Ncov,Nmev,rhocov_s,rhomev_s,Env_s,Pv_s,Ncov_s,Nmev_s,time
1,0.0021549218909016894,0.0032213665275798893,-68564.406276516,184.60628054746417,84.69705,126.61258999999998,0.00030477967825980865,0.00020696773712983808,11051.8130347731,30.84728984917475,11.97906047432352,8.134659940151154,1057.6152617931366
