placeholder,rhocov,rhomev,Env,Pv,Ncov,Nmev,rhocov_s,rhomev_s,Env_s,Pv_s,Ncov_s,Nmev_s,time
1,0.003172689293710564,0.002837485752086302,-91245.4711423189,190.11656834105233,124.69937999999996,111.52454000000002,0.0003693656165089558,0.0002040058741791807,14076.328730845036,39.45607199519649,14.517546191268,8.01824687873852,1132.686651468277
