placeholder,rhocov,rhomev,Env,Pv,Ncov,Nmev,rhocov_s,rhomev_s,Env_s,Pv_s,Ncov_s,Nmev_s,time
1,0.0036867245064115613,0.0024799966924486053,-99083.96678728891,173.2970389971946,144.90302,97.47379,0.00042697411724508413,0.00023014248174650385,15676.650476929564,33.00042664938367,16.781790704200787,9.045520102564584,1236.8898570537567
