placeholder,rhocov,rhomev,Env,Pv,Ncov,Nmev,rhocov_s,rhomev_s,Env_s,Pv_s,Ncov_s,Nmev_s,time
1,0.004842009464685528,0.002244944026053328,-134592.7289899959,186.57605047684618,190.31034000000002,88.23528,0.00045970499573381323,0.00017666082891766046,18486.374372921473,49.07176018425489,18.068245152321797,6.943477219779726,1355.0422365665436
