placeholder,rhocov,rhomev,Env,Pv,Ncov,Nmev,rhocov_s,rhomev_s,Env_s,Pv_s,Ncov_s,Nmev_s,time
1,0.0012621440565845714,0.0003569817321392225,-8414.03601454042,56.82793004335148,49.60730999999999,14.03081,0.0001723428587787565,7.348060990807982e-05,2260.6947713123564,7.042231434505503,6.773763721440246,2.8880818918271687,309.09781312942505
