placeholder,rhocov,rhomev,Env,Pv,Ncov,Nmev,rhocov_s,rhomev_s,Env_s,Pv_s,Ncov_s,Nmev_s,time
1,0.006371880724608183,0.0016986235497659272,-184015.66670777276,180.76843438174703,250.44039999999998,66.7627,0.0005870761358840454,0.00019460501693757833,30172.945917959838,54.26653297042087,23.07444044478652,7.64875558571458,1501.7935953140259
