placeholder,rhocov,rhomev,Env,Pv,Ncov,Nmev,rhocov_s,rhomev_s,Env_s,Pv_s,Ncov_s,Nmev_s,time
1,0.007745127213515163,0.0010048778750254427,-221748.1707674584,200.9961556226114,304.41448,39.495720000000006,0.00032996756441600516,0.00017454534633769517,19137.724806780687,53.24972758675025,12.969045151806666,6.860330292456771,1521.9237747192383
