placeholder,rhocov,rhomev,Env,Pv,Ncov,Nmev,rhocov_s,rhomev_s,Env_s,Pv_s,Ncov_s,Nmev_s,time
1,0.0004837194687563607,0.004234584520659474,-44613.042964548215,191.2391052175347,19.01211,166.43611,9.898313976209588e-05,0.00029621844151260957,6047.552128198128,24.114029883865904,3.8904333252094165,11.64256962521161,837.4400205612183
