placeholder,rhocov,rhomev,Env,Pv,Ncov,Nmev,rhocov_s,rhomev_s,Env_s,Pv_s,Ncov_s,Nmev_s,time
1,0.001046803633217993,0.003941020506818645,-52972.79543037923,190.05909887834127,41.14357,154.89787,0.0001624468595964428,0.00029713334157843854,7731.287745895538,27.373788074938673,6.384811369578587,11.67852885739895,934.2464592456818
