placeholder,rhocov,rhomev,Env,Pv,Ncov,Nmev,rhocov_s,rhomev_s,Env_s,Pv_s,Ncov_s,Nmev_s,time
1,0.001732475320578058,0.0037637497455729695,-68254.45746947722,201.92025000876055,68.09321,147.93042,0.00025196745488247996,0.0002348940774510199,10738.286776483426,34.89444341026086,9.903328846700992,9.232276820134892,1023.7558596134186
