placeholder,rhocov,rhomev,Env,Pv,Ncov,Nmev,rhocov_s,rhomev_s,Env_s,Pv_s,Ncov_s,Nmev_s,time
1,0.002321406727050682,0.0034878867290860983,-79486.75789011965,198.71021267913963,91.24056999999999,137.0879,0.0002609892302000561,0.00018176331353071646,10955.038341620912,29.819739248029297,10.257920703783004,7.1440252750112805,1099.1206350326538
