placeholder,rhocov,rhomev,Env,Pv,Ncov,Nmev,rhocov_s,rhomev_s,Env_s,Pv_s,Ncov_s,Nmev_s,time
1,0.0040183261245674735,0.002840101516385101,-120756.07420151016,201.2920664490524,157.93629,111.62735,0.00040545364614387187,0.00025759136809123733,19836.252373107334,47.82383890758783,15.93595010803874,10.124371131457993,1240.179744720459
