placeholder,rhocov,rhomev,Env,Pv,Ncov,Nmev,rhocov_s,rhomev_s,Env_s,Pv_s,Ncov_s,Nmev_s,time
1,0.0014319015876246696,0.00018183543659678404,-8669.371392933424,56.15283649717452,56.27945999999999,7.14686,0.00019274473270569945,5.027771706362782e-05,2528.5947793363293,7.994894458606258,7.575638974264812,1.976115391468828,301.63429856300354
