placeholder,rhocov,rhomev,Env,Pv,Ncov,Nmev,rhocov_s,rhomev_s,Env_s,Pv_s,Ncov_s,Nmev_s,time
1,0.0001710021880724608,0.0014728597598208835,-5672.191762119931,65.82953670032717,6.72107,57.88927999999999,4.529536092087038e-05,0.00014503152823988345,1275.3955085715459,6.443747212832285,1.780288865633889,5.700319185940381,305.79287123680115
