placeholder,rhocov,rhomev,Env,Pv,Ncov,Nmev,rhocov_s,rhomev_s,Env_s,Pv_s,Ncov_s,Nmev_s,time
1,0.00034817448605739884,0.0013828228679014863,-6628.831279226792,67.79534470572366,13.68465,54.350469999999994,8.762053806033087e-05,0.00015744847117330258,1638.519342716998,8.394581292580122,3.4438376279232443,6.188354710995483,326.11297583580017
