placeholder,rhocov,rhomev,Env,Pv,Ncov,Nmev,rhocov_s,rhomev_s,Env_s,Pv_s,Ncov_s,Nmev_s,time
1,0.0005204467738652554,0.0012589352228780785,-7468.868589958151,69.03189019553794,20.455640000000002,49.48119,8.919502971501886e-05,0.00013088078679722443,1600.2412390346076,7.782290130086174,3.5057214479191012,5.144138444278108,347.0262176990509
