placeholder,rhocov,rhomev,Env,Pv,Ncov,Nmev,rhocov_s,rhomev_s,Env_s,Pv_s,Ncov_s,Nmev_s,time
1,0.00013897389578668837,9.22198758396092e-05,-151.12339230844748,9.930353014028976,5.46223,3.62461,1.7914093146467595e-05,1.4438078675487443e-05,38.38011681702606,1.0148402283201075,0.7040955170287623,0.5674742442613586,62.317387342453
