placeholder,rhocov,rhomev,Env,Pv,Ncov,Nmev,rhocov_s,rhomev_s,Env_s,Pv_s,Ncov_s,Nmev_s,time
1,0.0011081665988194587,0.0007890817728475474,-10103.900687509044,68.5051588472729,43.55537999999999,31.014070000000007,0.00017386930650389195,0.00011004576359324501,2841.8475513541343,10.090410249019577,6.833759222828969,4.3252386922689015,377.77902483940125
