placeholder,rhocov,rhomev,Env,Pv,Ncov,Nmev,rhocov_s,rhomev_s,Env_s,Pv_s,Ncov_s,Nmev_s,time
1,0.001282146600854875,0.0005820188784856502,-10391.092602384959,66.15990357975403,50.39349,22.87567,0.00017863088836322455,0.00010366193137980048,2829.1333535906947,8.756719582828897,7.020908436228178,4.0743285509516785,371.64001870155334
