placeholder,rhocov,rhomev,Env,Pv,Ncov,Nmev,rhocov_s,rhomev_s,Env_s,Pv_s,Ncov_s,Nmev_s,time
1,0.0005951122023203745,0.0014547506615102787,-9914.525963071745,78.29308520530967,23.390289999999997,57.177519999999994,0.00011295431501686997,0.00018237690418733933,2770.7294837772743,10.611125093544599,4.439556397423058,7.168141842179185,398.525030374527
