placeholder,rhocov,rhomev,Env,Pv,Ncov,Nmev,rhocov_s,rhomev_s,Env_s,Pv_s,Ncov_s,Nmev_s,time
1,0.0008217975269692651,0.0013106195298188477,-11361.292193158599,79.44725941195875,32.299929999999996,51.51259,0.0001288670736687743,0.00014303494115371673,2498.3352855091275,10.153864593431255,5.064991463477505,5.621845327105683,418.9011309146881
