placeholder,rhocov,rhomev,Env,Pv,Ncov,Nmev,rhocov_s,rhomev_s,Env_s,Pv_s,Ncov_s,Nmev_s,time
1,0.0014815209647872994,0.0006778271931610014,-13951.89797279594,73.08969474390729,58.229699999999994,26.64132,0.00028228000592336774,0.00011099549048324331,5131.407370233974,9.989481048117995,11.094733352812044,4.362566757953395,439.3059244155884
