placeholder,rhocov,rhomev,Env,Pv,Ncov,Nmev,rhocov_s,rhomev_s,Env_s,Pv_s,Ncov_s,Nmev_s,time
1,0.001708228170160798,0.0004919275391817627,-15024.40124616593,73.51442398040881,67.14020000000001,19.334719999999997,0.0002252846431779982,8.612783719286996e-05,3594.323386718309,10.580230933898438,8.854587615468041,3.385168513028561,432.6364059448242
