placeholder,rhocov,rhomev,Env,Pv,Ncov,Nmev,rhocov_s,rhomev_s,Env_s,Pv_s,Ncov_s,Nmev_s,time
1,0.0006766056889883982,0.001651272389578669,-12639.32606442472,85.75999955307529,26.593310000000006,64.90161,0.00010398582568908336,0.00014950689047375407,2295.2162301199755,9.49743349810381,4.087058892883732,5.87621882318043,455.1916868686676
