placeholder,rhocov,rhomev,Env,Pv,Ncov,Nmev,rhocov_s,rhomev_s,Env_s,Pv_s,Ncov_s,Nmev_s,time
1,0.0020242379910441685,0.0005904058111133727,-21012.437805289963,83.03851198432689,79.56065,23.20531,0.00023433401879132705,0.00010555572424559591,4762.548981322801,13.61453659477061,9.210264274574318,4.148762185748901,508.3791825771332
