placeholder,rhocov,rhomev,Env,Pv,Ncov,Nmev,rhocov_s,rhomev_s,Env_s,Pv_s,Ncov_s,Nmev_s,time
1,0.00025508319763891725,0.0022537767148381846,-13010.526859127225,97.08513270298268,10.02579,88.58244,6.837363414359334e-05,0.00023618175056407698,2971.649460155716,11.837686231902907,2.6873573163797926,9.282887524170484,443.4103500843048
