placeholder,rhocov,rhomev,Env,Pv,Ncov,Nmev,rhocov_s,rhomev_s,Env_s,Pv_s,Ncov_s,Nmev_s,time
1,0.0004989382760024426,0.002030818237329534,-14040.192567632008,94.70274556389377,19.61027,79.81927999999999,0.00010178662321555611,0.00018784882813824663,2696.727199753273,10.332385221795638,4.000621438864217,7.383210341145645,483.2994236946106
