placeholder,rhocov,rhomev,Env,Pv,Ncov,Nmev,rhocov_s,rhomev_s,Env_s,Pv_s,Ncov_s,Nmev_s,time
1,0.0007889408202727456,0.00187845537349888,-16601.575299675274,96.60115724465773,31.00853,73.83081,0.000122921220042498,0.0001865377890909892,3425.811503246577,11.987398320962747,4.831295632550342,7.33168126243224,511.69847655296326
