placeholder,rhocov,rhomev,Env,Pv,Ncov,Nmev,rhocov_s,rhomev_s,Env_s,Pv_s,Ncov_s,Nmev_s,time
1,0.0013572621107266433,0.0014914784754732344,-21087.12335001838,93.18329631484093,53.34583,58.62107,0.0002010466872978891,0.00022735362846037474,5296.836356633336,14.62099820323237,7.901938997556233,8.93590701300657,557.3595440387726
