placeholder,rhocov,rhomev,Env,Pv,Ncov,Nmev,rhocov_s,rhomev_s,Env_s,Pv_s,Ncov_s,Nmev_s,time
1,0.00222892809892123,0.0006906821188683086,-26089.37664582673,86.12056728556588,87.60579,27.14657,0.0003219785189037471,0.00011192897649873799,6940.228187898545,13.469763652977228,12.655043706992876,4.399256492306399,587.6320765018463
