placeholder,rhocov,rhomev,Env,Pv,Ncov,Nmev,rhocov_s,rhomev_s,Env_s,Pv_s,Ncov_s,Nmev_s,time
1,0.00021062487278648484,2.3266843069407696e-05,-188.9335389690961,9.948913360826381,8.2784,0.9144799999999997,1.9087547542652476e-05,7.939356634378614e-06,54.7582029666179,0.8690992305714088,0.750216968616413,0.31204847315761697,56.940064430236816
