placeholder,rhocov,rhomev,Env,Pv,Ncov,Nmev,rhocov_s,rhomev_s,Env_s,Pv_s,Ncov_s,Nmev_s,time
1,0.002772998422552412,0.0003945766334215347,-32413.271386055712,87.44681555060288,108.98993000000002,15.50844,0.00041317166562559164,7.909140913146034e-05,9161.216498288388,16.871451930658942,16.239299145748255,3.108608744502917,580.4718151092529
