placeholder,rhocov,rhomev,Env,Pv,Ncov,Nmev,rhocov_s,rhomev_s,Env_s,Pv_s,Ncov_s,Nmev_s,time
1,0.0008568201709749644,0.0021123933950742925,-20499.493552055355,106.94593298840272,33.67646,83.02551000000001,0.00014149457212756774,0.0002048475208204775,4416.753764796814,13.290722820264916,5.561302662901921,8.05132695832805,570.3504068851471
