placeholder,rhocov,rhomev,Env,Pv,Ncov,Nmev,rhocov_s,rhomev_s,Env_s,Pv_s,Ncov_s,Nmev_s,time
1,0.0038921842560553626,0.0005631472623651536,-64662.62837320813,107.62596985388289,152.97841,22.133940000000003,0.0007556390995886085,0.00011037887500530842,21563.887682519835,25.363091936430983,29.699639170230668,4.338331303208643,702.5217885971069
