placeholder,rhocov,rhomev,Env,Pv,Ncov,Nmev,rhocov_s,rhomev_s,Env_s,Pv_s,Ncov_s,Nmev_s,time
1,0.00014190149999999998,0.0001321753,-23970.246938200922,11.129900003938975,141.90150000000003,132.17530000000002,7.404665336799494e-06,9.348279676496628e-06,2329.931480497048,0.914684935554422,7.404665336799496,9.348279676496633,34.3318829536438
